date,rolling_average_cases_per_100k_centered,region
2020-01-26,0.000261133348388,Nationwide
2020-01-27,0.000261133348388,Nationwide
2020-01-28,0.000261133348388,Nationwide
2020-01-29,0.0003046555731193,Nationwide
2020-01-30,0.0001740888989253,Nationwide
2020-01-31,0.0002176111236567,Nationwide
2020-02-01,0.0002176111236567,Nationwide
2020-02-02,0.0001740888989253,Nationwide
2020-02-03,0.0001740888989253,Nationwide
2020-02-04,0.000130566674194,Nationwide
2020-02-05,8.704444946268268e-05,Nationwide
2020-02-06,8.704444946268268e-05,Nationwide
2020-02-07,0.0,Nationwide
2020-02-08,4.3522224731341325e-05,Nationwide
2020-02-09,4.3522224731341325e-05,Nationwide
2020-02-10,8.704444946268268e-05,Nationwide
2020-02-11,8.704444946268268e-05,Nationwide
2020-02-12,8.704444946268268e-05,Nationwide
2020-02-13,8.704444946268268e-05,Nationwide
2020-02-14,8.704444946268268e-05,Nationwide
2020-02-15,8.704444946268265e-05,Nationwide
2020-02-16,8.704444946268265e-05,Nationwide
2020-02-17,4.3522224731341325e-05,Nationwide
2020-02-18,0.0001740888989253,Nationwide
2020-02-19,0.0001740888989253,Nationwide
2020-02-20,0.0001740888989253,Nationwide
2020-02-21,0.0002176111236567,Nationwide
2020-02-22,0.0001740888989253,Nationwide
2020-02-23,0.000261133348388,Nationwide
2020-02-24,0.0003046555731193,Nationwide
2020-02-25,0.000261133348388,Nationwide
2020-02-26,0.0007398778204328,Nationwide
2020-02-27,0.0010010111688208,Nationwide
2020-02-28,0.001914977888179,Nationwide
2020-02-29,0.0027419001580745,Nationwide
2020-03-01,0.0041781335742087,Nationwide
2020-03-02,0.0070070781817459,Nationwide
2020-03-03,0.0090526227441189,Nationwide
2020-03-04,0.0139706341387605,Nationwide
2020-03-05,0.0187580788592081,Nationwide
2020-03-06,0.0290728461205359,Nationwide
2020-03-07,0.0402145356517593,Nationwide
2020-03-08,0.0486578472496396,Nationwide
2020-03-09,0.0626284813884,Nationwide
2020-03-10,0.0835191492594439,Nationwide
2020-03-11,0.110024184120831,Nationwide
2020-03-12,0.1296091852499349,Nationwide
2020-03-13,0.1578986313253066,Nationwide
2020-03-14,0.2231819684223183,Nationwide
2020-03-15,0.333119108093687,Nationwide
2020-03-16,0.5279681082159006,Nationwide
2020-03-17,0.7175944413703595,Nationwide
2020-03-18,0.9969636019208428,Nationwide
2020-03-19,1.2828610961810227,Nationwide
2020-03-20,1.6701218518404872,Nationwide
2020-03-21,2.02517616119877,Nationwide
2020-03-22,2.522809278776928,Nationwide
2020-03-23,3.0128695292518075,Nationwide
2020-03-24,3.5158558804719235,Nationwide
2020-03-25,4.059535511815831,Nationwide
2020-03-26,4.517911582686315,Nationwide
2020-03-27,5.001748155024651,Nationwide
2020-03-28,5.5829439440870585,Nationwide
2020-03-29,6.03544451461883,Nationwide
2020-03-30,6.565893389644411,Nationwide
2020-03-31,7.39747253758615,Nationwide
2020-04-01,7.98989706062916,Nationwide
2020-04-02,8.339337002997103,Nationwide
2020-04-03,8.730732370006043,Nationwide
2020-04-04,9.096188491075116,Nationwide
2020-04-05,9.463385501133446,Nationwide
2020-04-06,9.693356936613853,Nationwide
2020-04-07,9.600436986812444,Nationwide
2020-04-08,9.484145602330305,Nationwide
2020-04-09,9.533673894074566,Nationwide
2020-04-10,9.303615414144712,Nationwide
2020-04-11,9.050881855129814,Nationwide
2020-04-12,8.931326303792812,Nationwide
2020-04-13,8.887238290139956,Nationwide
2020-04-14,8.77821511718793,Nationwide
2020-04-15,8.651652487669198,Nationwide
2020-04-16,8.597467317878666,Nationwide
2020-04-17,8.672630199989708,Nationwide
2020-04-18,8.645428809532612,Nationwide
2020-04-19,8.572746694231256,Nationwide
2020-04-20,8.516820635451527,Nationwide
2020-04-21,8.793012673596595,Nationwide
2020-04-22,9.052231044096455,Nationwide
2020-04-23,9.038782676654476,Nationwide
2020-04-24,8.886672501218438,Nationwide
2020-04-25,8.842062220868813,Nationwide
2020-04-26,8.81024747459023,Nationwide
2020-04-27,8.705663568560794,Nationwide
2020-04-28,8.539626281210726,Nationwide
2020-04-29,8.364101148869219,Nationwide
2020-04-30,8.332895713736843,Nationwide
2020-05-01,8.288807700084002,Nationwide
2020-05-02,8.253989920298928,Nationwide
2020-05-03,8.097571044614472,Nationwide
2020-05-04,8.024714840414216,Nationwide
2020-05-05,7.745867946560502,Nationwide
2020-05-06,7.562856991565247,Nationwide
2020-05-07,7.336802556310638,Nationwide
2020-05-08,7.222295583042496,Nationwide
2020-05-09,7.129201544342136,Nationwide
2020-05-10,6.988363625111525,Nationwide
2020-05-11,6.953415278652251,Nationwide
2020-05-12,6.848526717049722,Nationwide
2020-05-13,6.793122924966729,Nationwide
2020-05-14,6.730059221331016,Nationwide
2020-05-15,6.804656314520521,Nationwide
2020-05-16,6.774669501680633,Nationwide
2020-05-17,6.839865794328162,Nationwide
2020-05-18,6.801740325463527,Nationwide
2020-05-19,6.7571300451139065,Nationwide
2020-05-20,6.657638239378048,Nationwide
2020-05-21,6.760698867541873,Nationwide
2020-05-22,6.696764719411533,Nationwide
2020-05-23,6.576338723579912,Nationwide
2020-05-24,6.398593957777083,Nationwide
2020-05-25,6.264066761132519,Nationwide
2020-05-26,6.317163875304743,Nationwide
2020-05-27,6.346758988122057,Nationwide
2020-05-28,6.3107661082692434,Nationwide
2020-05-29,6.3898459906061005,Nationwide
2020-05-30,6.455172849927827,Nationwide
2020-05-31,6.506267941762441,Nationwide
2020-06-01,6.478500762383836,Nationwide
2020-06-02,6.620339692783275,Nationwide
2020-06-03,6.637139271529579,Nationwide
2020-06-04,6.568591767577724,Nationwide
2020-06-05,6.415219447624453,Nationwide
2020-06-06,6.380967456760877,Nationwide
2020-06-07,6.4171344255126375,Nationwide
2020-06-08,6.436762948866448,Nationwide
2020-06-09,6.330438153847787,Nationwide
2020-06-10,6.427666803897634,Nationwide
2020-06-11,6.523198087182924,Nationwide
2020-06-12,6.565240556273387,Nationwide
2020-06-13,6.848222061476602,Nationwide
2020-06-14,7.0082097595890005,Nationwide
2020-06-15,7.227605294459671,Nationwide
2020-06-16,7.469458297291732,Nationwide
2020-06-17,7.702737421851744,Nationwide
2020-06-18,8.008176395016282,Nationwide
2020-06-19,8.492187056253554,Nationwide
2020-06-20,8.926103636825035,Nationwide
2020-06-21,9.408634542421414,Nationwide
2020-06-22,9.896605726109224,Nationwide
2020-06-23,10.537731618626625,Nationwide
2020-06-24,11.022264546560672,Nationwide
2020-06-25,11.487952351185998,Nationwide
2020-06-26,11.902632108426214,Nationwide
2020-06-27,12.440305672757203,Nationwide
2020-06-28,13.03394881809269,Nationwide
2020-06-29,13.72064247990382,Nationwide
2020-06-30,14.092844545806283,Nationwide
2020-07-01,14.23368246503691,Nationwide
2020-07-02,14.36185541687066,Nationwide
2020-07-03,15.012860854402108,Nationwide
2020-07-04,15.358383796544192,Nationwide
2020-07-05,15.708346005608885,Nationwide
2020-07-06,16.05722015905528,Nationwide
2020-07-07,16.702306574023176,Nationwide
2020-07-08,17.386954691271903,Nationwide
2020-07-09,18.1098153218348,Nationwide
2020-07-10,18.20199539381576,Nationwide
2020-07-11,18.75494525902752,Nationwide
2020-07-12,19.14616653713749,Nationwide
2020-07-13,19.743639638249327,Nationwide
2020-07-14,19.702467613653493,Nationwide
2020-07-15,19.913071659128462,Nationwide
2020-07-16,19.99598149724166,Nationwide
2020-07-17,20.01360799825787,Nationwide
2020-07-18,19.968083751188864,Nationwide
2020-07-19,20.01378208715674,Nationwide
2020-07-20,19.67143626742006,Nationwide
2020-07-21,19.8625858784401,Nationwide
2020-07-22,19.91307165912847,Nationwide
2020-07-23,19.76583597286231,Nationwide
2020-07-24,19.71138966972339,Nationwide
2020-07-25,19.518238036365776,Nationwide
2020-07-26,19.93883681616941,Nationwide
2020-07-27,19.544351371204574,Nationwide
2020-07-28,19.249053076402355,Nationwide
2020-07-29,19.184030872653768,Nationwide
2020-07-30,18.558311847691247,Nationwide
2020-07-31,18.34113594628187,Nationwide
2020-08-01,17.90034285420287,Nationwide
2020-08-02,16.891454162705582,Nationwide
2020-08-03,16.77202917804279,Nationwide
2020-08-04,16.51472578543116,Nationwide
2020-08-05,16.10187396162963,Nationwide
2020-08-06,16.322052896545504,Nationwide
2020-08-07,15.964778953725876,Nationwide
2020-08-08,16.12520187408564,Nationwide
2020-08-09,16.10026363931457,Nationwide
2020-08-10,15.89209683842457,Nationwide
2020-08-11,15.777415776257484,Nationwide
2020-08-12,15.542918029405046,Nationwide
2020-08-13,15.159008485049863,Nationwide
2020-08-14,15.078535891521588,Nationwide
2020-08-15,14.437409999004204,Nationwide
2020-08-16,14.098720046144956,Nationwide
2020-08-17,13.756287181958768,Nationwide
2020-08-18,13.427259162989802,Nationwide
2020-08-19,13.207820105894372,Nationwide
2020-08-20,12.96714220313007,Nationwide
2020-08-21,12.816294172211215,Nationwide
2020-08-22,12.697739632043062,Nationwide
2020-08-23,12.726203167017363,Nationwide
2020-08-24,12.8129429609069,Nationwide
2020-08-25,12.587367270124332,Nationwide
2020-08-26,12.495883553739072,Nationwide
2020-08-27,12.537751933930611,Nationwide
2020-08-28,12.482783364094969,Nationwide
2020-08-29,12.672714352822542,Nationwide
2020-08-30,12.429860338821673,Nationwide
2020-08-31,12.29750925341366,Nationwide
2020-09-01,12.477647741576648,Nationwide
2020-09-02,12.519080899520908,Nationwide
2020-09-03,12.384640747325788,Nationwide
2020-09-04,11.955468089250015,Nationwide
2020-09-05,11.151786687361062,Nationwide
2020-09-06,10.909150284483818,Nationwide
2020-09-07,10.647929891646344,Nationwide
2020-09-08,10.522759973318973,Nationwide
2020-09-09,10.283300692847172,Nationwide
2020-09-10,10.431319779158471,Nationwide
2020-09-11,10.86493170415682,Nationwide
2020-09-12,11.277652961284128,Nationwide
2020-09-13,11.843137227218415,Nationwide
2020-09-14,12.148140978135665,Nationwide
2020-09-15,12.252072050794077,Nationwide
2020-09-16,12.449924084422795,Nationwide
2020-09-17,12.500583954010052,Nationwide
2020-09-18,12.573309591536145,Nationwide
2020-09-19,13.242724930128922,Nationwide
2020-09-20,12.857292107908162,Nationwide
2020-09-21,12.936502556919208,Nationwide
2020-09-22,13.203554927870687,Nationwide
2020-09-23,13.160772580959794,Nationwide
2020-09-24,13.29956495562806,Nationwide
2020-09-25,13.069375909023998,Nationwide
2020-09-26,12.526436155500514,Nationwide
2020-09-27,12.817034050031648,Nationwide
2020-09-28,12.856247574514564,Nationwide
2020-09-29,12.574223558255518,Nationwide
2020-09-30,12.991775782327997,Nationwide
2020-10-01,12.885320420635136,Nationwide
2020-10-02,13.092616777030482,Nationwide
2020-10-03,13.25930689775156,Nationwide
2020-10-04,13.452676142232908,Nationwide
2020-10-05,13.944520803921757,Nationwide
2020-10-06,14.331607470682345,Nationwide
2020-10-07,14.578247918234862,Nationwide
2020-10-08,14.695540313885791,Nationwide
2020-10-09,14.942703028135073,Nationwide
2020-10-10,15.364607474680742,Nationwide
2020-10-11,15.79108175482314,Nationwide
2020-10-12,16.167461954299753,Nationwide
2020-10-13,16.46659020487823,Nationwide
2020-10-14,16.580313778101278,Nationwide
2020-10-15,16.9064693302379,Nationwide
2020-10-16,17.57235936862741,Nationwide
2020-10-17,17.983383258990205,Nationwide
2020-10-18,18.02420710578827,Nationwide
2020-10-19,18.568974792750456,Nationwide
2020-10-20,19.390935529026567,Nationwide
2020-10-21,19.867982634306763,Nationwide
2020-10-22,20.62143938885578,Nationwide
2020-10-23,21.05265759149388,Nationwide
2020-10-24,21.53027048569566,Nationwide
2020-10-25,22.293563263033924,Nationwide
2020-10-26,22.72143025436768,Nationwide
2020-10-27,23.308632110442936,Nationwide
2020-10-28,23.40938606069605,Nationwide
2020-10-29,24.272997566040008,Nationwide
2020-10-30,25.042209365941723,Nationwide
2020-10-31,25.946470629184827,Nationwide
2020-11-01,27.21675380241852,Nationwide
2020-11-02,28.46884468571447,Nationwide
2020-11-03,30.03655874276213,Nationwide
2020-11-04,31.740062140971528,Nationwide
2020-11-05,32.64632542655225,Nationwide
2020-11-06,34.44257468566416,Nationwide
2020-11-07,36.5327295283868,Nationwide
2020-11-08,38.22805074834668,Nationwide
2020-11-09,39.451982752241534,Nationwide
2020-11-10,41.53234509439967,Nationwide
2020-11-11,43.62959405975359,Nationwide
2020-11-12,44.9118893670131,Nationwide
2020-11-13,46.04960384371501,Nationwide
2020-11-14,46.21285570868237,Nationwide
2020-11-15,46.86647247969758,Nationwide
2020-11-16,48.86135717248332,Nationwide
2020-11-17,48.567973855569306,Nationwide
2020-11-18,50.1692000256602,Nationwide
2020-11-19,50.35630206978037,Nationwide
2020-11-20,51.4123253306616,Nationwide
2020-11-21,52.61371282214548,Nationwide
2020-11-22,53.31838116277054,Nationwide
2020-11-23,50.05177706333515,Nationwide
2020-11-24,50.33902374656167,Nationwide
2020-11-25,49.27956222992685,Nationwide
2020-11-26,48.371601577581416,Nationwide
2020-11-27,47.40284037728673,Nationwide
2020-11-28,47.94982769771031,Nationwide
2020-11-29,48.92946945418794,Nationwide
2020-11-30,52.89438764943761,Nationwide
2020-12-01,54.61830297104622,Nationwide
2020-12-02,56.01554047382131,Nationwide
2020-12-03,57.89317629318059,Nationwide
2020-12-04,59.77477263499087,Nationwide
2020-12-05,61.38940365029874,Nationwide
2020-12-06,62.445949177876976,Nationwide
2020-12-07,62.61733969886919,Nationwide
2020-12-08,63.26782286970354,Nationwide
2020-12-09,63.21794640016153,Nationwide
2020-12-10,63.62135390119633,Nationwide
2020-12-11,63.85537290357678,Nationwide
2020-12-12,62.62843786617543,Nationwide
2020-12-13,62.70116350370135,Nationwide
2020-12-14,63.87521903805423,Nationwide
2020-12-15,63.73503395219448,Nationwide
2020-12-16,62.89035461460863,Nationwide
2020-12-17,62.60658970936024,Nationwide
2020-12-18,69.51839774116932,Nationwide
2020-12-19,68.70383578309755,Nationwide
2020-12-20,68.75005638576243,Nationwide
2020-12-21,66.42657889625488,Nationwide
2020-12-22,60.40910906045007,Nationwide
2020-12-23,59.66405209527444,Nationwide
2020-12-24,57.91080279419688,Nationwide
2020-12-25,53.12422851824407,Nationwide
2020-12-26,55.38882043769002,Nationwide
2020-12-27,55.25703514120333,Nationwide
2020-12-28,56.876497123456765,Nationwide
2020-12-29,60.52949153405719,Nationwide
2020-12-30,65.34522570058004,Nationwide
2020-12-31,69.55225803201033,Nationwide
2021-01-01,65.90605308846811,Nationwide
2021-01-02,66.37169737086863,Nationwide
2021-01-03,67.73855636078113,Nationwide
2021-01-04,69.50438358480584,Nationwide
2021-01-05,73.71959809448579,Nationwide
2021-01-06,73.33638490572629,Nationwide
2021-01-07,73.41624818810816,Nationwide
2021-01-08,74.65928644866035,Nationwide
2021-01-09,73.51961347184539,Nationwide
2021-01-10,71.93296724703931,Nationwide
2021-01-11,71.16323318044104,Nationwide
2021-01-12,69.52318518588973,Nationwide
2021-01-13,66.95824639357303,Nationwide
2021-01-14,65.14158521106194,Nationwide
2021-01-15,63.29859308258875,Nationwide
2021-01-16,60.630985362130666,Nationwide
2021-01-17,59.429032081725055,Nationwide
2021-01-18,57.125487771144826,Nationwide
2021-01-19,54.76440707946936,Nationwide
2021-01-20,53.01659805648352,Nationwide
2021-01-21,51.22282956418117,Nationwide
2021-01-22,50.39603786095997,Nationwide
2021-01-23,50.0881616432105,Nationwide
2021-01-24,48.48306199511862,Nationwide
2021-01-25,46.750050528541344,Nationwide
2021-01-26,45.97535492832336,Nationwide
2021-01-27,45.14442861375251,Nationwide
2021-01-28,44.21405401567071,Nationwide
2021-01-29,43.591599157563145,Nationwide
2021-01-30,42.33406799617575,Nationwide
2021-01-31,40.69602202396212,Nationwide
2021-02-01,39.35170754646047,Nationwide
2021-02-02,37.92483140864348,Nationwide
2021-02-03,35.616369086668456,Nationwide
2021-02-04,35.158906982517294,Nationwide
2021-02-05,33.214246937071486,Nationwide
2021-02-06,32.36530242146198,Nationwide
2021-02-07,31.495945982453392,Nationwide
2021-02-08,30.805857587113188,Nationwide
2021-02-09,29.30943293417552,Nationwide
2021-02-10,29.02505871778097,Nationwide
2021-02-11,27.468007605792494,Nationwide
2021-02-12,26.508560161590072,Nationwide
2021-02-13,25.09038846871935,Nationwide
2021-02-14,23.78184925994685,Nationwide
2021-02-15,21.9923024234436,Nationwide
2021-02-16,20.96278419742364,Nationwide
2021-02-17,20.106353859160283,Nationwide
2021-02-18,19.562413094468027,Nationwide
2021-02-19,19.30358642399079,Nationwide
2021-02-20,19.359338393871607,Nationwide
2021-02-21,19.74350907157516,Nationwide
2021-02-22,20.130029949414187,Nationwide
2021-02-23,19.636487920960736,Nationwide
2021-02-24,20.21794484337149,Nationwide
2021-02-25,19.89178929123484,Nationwide
2021-02-26,21.153455063971705,Nationwide
2021-02-27,20.80453738830055,Nationwide
2021-02-28,20.437906167163707,Nationwide
2021-03-01,20.00381549769332,Nationwide
2021-03-02,20.110662559408784,Nationwide
2021-03-03,18.698192277977803,Nationwide
2021-03-04,18.290084376672034,Nationwide
2021-03-05,16.79409494598162,Nationwide
2021-03-06,16.75044215457608,Nationwide
2021-03-07,16.27187177143023,Nationwide
2021-03-08,15.94345306360751,Nationwide
2021-03-09,15.573383586716972,Nationwide
2021-03-10,15.695768082661452,Nationwide
2021-03-11,15.339886851033295,Nationwide
2021-03-12,15.968695953951716,Nationwide
2021-03-13,16.016613923380927,Nationwide
2021-03-14,16.043336569365966,Nationwide
2021-03-15,15.99393884429591,Nationwide
2021-03-16,15.986017799394787,Nationwide
2021-03-17,15.55284109664376,Nationwide
2021-03-18,15.744164796562696,Nationwide
2021-03-19,15.220026644123209,Nationwide
2021-03-20,15.150216995654144,Nationwide
2021-03-21,16.951514832834878,Nationwide
2021-03-22,17.216739270347674,Nationwide
2021-03-23,17.947956168058965,Nationwide
2021-03-24,18.31110561121725,Nationwide
2021-03-25,18.929991646896955,Nationwide
2021-03-26,19.3361410480898,Nationwide
2021-03-27,19.403295840850227,Nationwide
2021-03-28,18.29252162125696,Nationwide
2021-03-29,23.02456254962153,Nationwide
2021-03-30,22.77113263501093,Nationwide
2021-03-31,23.19412513717484,Nationwide
2021-04-01,22.52457923190787,Nationwide
2021-04-02,23.13075677796589,Nationwide
2021-04-03,23.834511151871745,Nationwide
2021-04-04,23.93835518008074,Nationwide
2021-04-05,19.91281052578009,Nationwide
2021-04-06,20.5198585163328,Nationwide
2021-04-07,20.619219755394504,Nationwide
2021-04-08,20.87513043681474,Nationwide
2021-04-09,20.79901006575963,Nationwide
2021-04-10,20.94293806294616,Nationwide
2021-04-11,21.02889445679065,Nationwide
2021-04-12,20.850627424291,Nationwide
2021-04-13,20.65016405717853,Nationwide
2021-04-14,20.640066901040765,Nationwide
2021-04-15,20.692641748516213,Nationwide
2021-04-16,20.25911686796735,Nationwide
2021-04-17,19.233863819971173,Nationwide
2021-04-18,19.011117073796136,Nationwide
2021-04-19,18.49494348848246,Nationwide
2021-04-20,17.864785196597417,Nationwide
2021-04-21,17.172564212245348,Nationwide
2021-04-22,16.81180849144728,Nationwide
2021-04-23,16.555854287802237,Nationwide
2021-04-24,16.305035706675486,Nationwide
2021-04-25,15.626785356462344,Nationwide
2021-04-26,15.3222168277924,Nationwide
2021-04-27,14.95519390663301,Nationwide
2021-04-28,14.848738544940138,Nationwide
2021-04-29,14.587213496529554,Nationwide
2021-04-30,14.258838310931504,Nationwide
2021-05-01,14.106118824349233,Nationwide
2021-05-02,13.684431988927264,Nationwide
2021-05-03,13.217046817537383,Nationwide
2021-05-04,12.893415554435109,Nationwide
2021-05-05,12.386294591865544,Nationwide
2021-05-06,12.05117346143424,Nationwide
2021-05-07,11.614253847356313,Nationwide
2021-05-08,11.22742831394414,Nationwide
2021-05-09,10.886997472095612,Nationwide
2021-05-10,10.604146533566626,Nationwide
2021-05-11,10.390582976809943,Nationwide
2021-05-12,10.032046889473149,Nationwide
2021-05-13,9.805644276420686,Nationwide
2021-05-14,9.593473430855394,Nationwide
2021-05-15,9.32424494866734,Nationwide
2021-05-16,8.889588490275422,Nationwide
2021-05-17,8.585019961605465,Nationwide
2021-05-18,8.019622740120612,Nationwide
2021-05-19,7.575217303388906,Nationwide
2021-05-20,7.4900443095896785,Nationwide
2021-05-21,7.351991812741847,Nationwide
2021-05-22,7.217725749445653,Nationwide
2021-05-23,6.995980014439469,Nationwide
2021-05-24,6.700290019614738,Nationwide
2021-05-25,6.724053154318036,Nationwide
2021-05-26,6.420616203491147,Nationwide
2021-05-27,6.184247000975224,Nationwide
2021-05-28,5.217531345242648,Nationwide
2021-05-29,5.168351231296233,Nationwide
2021-05-30,4.850421379633771,Nationwide
2021-05-31,4.678378025270793,Nationwide
2021-06-01,4.153151817212961,Nationwide
2021-06-02,4.218261065411039,Nationwide
2021-06-03,4.083124557620224,Nationwide
2021-06-04,4.523700038575589,Nationwide
2021-06-05,4.211079898330378,Nationwide
2021-06-06,4.3673246851158805,Nationwide
2021-06-07,4.1094555035827005,Nationwide
2021-06-08,4.159984806495794,Nationwide
2020-01-26,0.0002090724794658,Midwest
2020-01-27,0.0002090724794658,Midwest
2020-01-28,0.0002090724794658,Midwest
2020-01-29,0.0002090724794658,Midwest
2020-01-30,0.0002090724794658,Midwest
2020-01-31,0.0002090724794658,Midwest
2020-02-01,0.0002090724794658,Midwest
2020-02-02,0.0002090724794658,Midwest
2020-02-03,0.0002090724794658,Midwest
2020-02-04,0.0,Midwest
2020-02-05,0.0,Midwest
2020-02-06,0.0,Midwest
2020-02-07,0.0,Midwest
2020-02-08,0.0,Midwest
2020-02-09,0.0,Midwest
2020-02-10,0.0,Midwest
2020-02-11,0.0,Midwest
2020-02-12,0.0,Midwest
2020-02-13,0.0,Midwest
2020-02-14,0.0,Midwest
2020-02-15,0.0,Midwest
2020-02-16,0.0,Midwest
2020-02-17,0.0,Midwest
2020-02-18,0.0,Midwest
2020-02-19,0.0,Midwest
2020-02-20,0.0,Midwest
2020-02-21,0.0,Midwest
2020-02-22,0.0,Midwest
2020-02-23,0.0,Midwest
2020-02-24,0.0,Midwest
2020-02-25,0.0,Midwest
2020-02-26,0.0,Midwest
2020-02-27,0.0002090724794658,Midwest
2020-02-28,0.0004181449589317,Midwest
2020-02-29,0.0004181449589317,Midwest
2020-03-01,0.0004181449589317,Midwest
2020-03-02,0.0006272174383976,Midwest
2020-03-03,0.0012544348767953,Midwest
2020-03-04,0.0014635073562611,Midwest
2020-03-05,0.0020907247946588,Midwest
2020-03-06,0.0077356817402376,Midwest
2020-03-07,0.0127534212474188,Midwest
2020-03-08,0.0156804359599412,Midwest
2020-03-09,0.0238342626591107,Midwest
2020-03-10,0.0351241765502684,Midwest
2020-03-11,0.0491320326744826,Midwest
2020-03-12,0.0581221492915156,Midwest
2020-03-13,0.0758933100461158,Midwest
2020-03-14,0.0986822103078971,Midwest
2020-03-15,0.1411239236394716,Midwest
2020-03-16,0.2515141927974579,Midwest
2020-03-17,0.3748669556823288,Midwest
2020-03-18,0.4952927038546791,Midwest
2020-03-19,0.6771857609899983,Midwest
2020-03-20,0.8231183516571858,Midwest
2020-03-21,1.0447351798910198,Midwest
2020-03-22,1.2977128800447393,Midwest
2020-03-23,1.6591991970412503,Midwest
2020-03-24,1.948764581101496,Midwest
2020-03-25,2.335966813072311,Midwest
2020-03-26,2.730277509344966,Midwest
2020-03-27,3.0909275364236173,Midwest
2020-03-28,3.53708820760382,Midwest
2020-03-29,4.087994190996441,Midwest
2020-03-30,4.378186792495085,Midwest
2020-03-31,4.91905729687333,Midwest
2020-04-01,5.338247618202419,Midwest
2020-04-02,5.498815282432224,Midwest
2020-04-03,5.860301599428731,Midwest
2020-04-04,6.147567186214858,Midwest
2020-04-05,6.274474181250646,Midwest
2020-04-06,6.343468099474387,Midwest
2020-04-07,6.290572762169522,Midwest
2020-04-08,6.245622179084358,Midwest
2020-04-09,6.3169158945822215,Midwest
2020-04-10,6.176001043422227,Midwest
2020-04-11,6.034249902344354,Midwest
2020-04-12,5.939540069146309,Midwest
2020-04-13,6.034668047303289,Midwest
2020-04-14,6.149866983488981,Midwest
2020-04-15,6.289318327292729,Midwest
2020-04-16,6.463475702687808,Midwest
2020-04-17,6.689273980510959,Midwest
2020-04-18,6.8444057602746495,Midwest
2020-04-19,6.995147017969558,Midwest
2020-04-20,7.10386470729181,Midwest
2020-04-21,7.627382195874384,Midwest
2020-04-22,7.789204294980979,Midwest
2020-04-23,7.834154878066143,Midwest
2020-04-24,7.947890306895569,Midwest
2020-04-25,8.224075052270003,Midwest
2020-04-26,8.655600649887583,Midwest
2020-04-27,9.069982304188962,Midwest
2020-04-28,9.281981798367372,Midwest
2020-04-29,9.577610284332147,Midwest
2020-04-30,9.983001822016483,Midwest
2020-05-01,10.172212415933116,Midwest
2020-05-02,10.104263860106704,Midwest
2020-05-03,10.059313277021538,Midwest
2020-05-04,10.119526151107694,Midwest
2020-05-05,10.008299592031866,Midwest
2020-05-06,9.857767406816414,Midwest
2020-05-07,9.353275513865238,Midwest
2020-05-08,9.026704300939528,Midwest
2020-05-09,9.359547688249226,Midwest
2020-05-10,8.950183773455025,Midwest
2020-05-11,9.0348581276387,Midwest
2020-05-12,8.751564917962437,Midwest
2020-05-13,8.683407289656552,Midwest
2020-05-14,8.734211902166766,Midwest
2020-05-15,8.947674903701438,Midwest
2020-05-16,8.376070744841709,Midwest
2020-05-17,8.673999028080601,Midwest
2020-05-18,8.3576723666487,Midwest
2020-05-19,8.442973938270796,Midwest
2020-05-20,8.482070491930916,Midwest
2020-05-21,8.709123204630856,Midwest
2020-05-22,8.519912610714231,Midwest
2020-05-23,8.380043121951564,Midwest
2020-05-24,8.006848746104973,Midwest
2020-05-25,7.743835566936885,Midwest
2020-05-26,7.512601404647612,Midwest
2020-05-27,7.076058067522841,Midwest
2020-05-28,6.891447068154468,Midwest
2020-05-29,6.611917163108589,Midwest
2020-05-30,6.629688323863196,Midwest
2020-05-31,6.503408546265804,Midwest
2020-06-01,6.376501551230006,Midwest
2020-06-02,7.130625984663438,Midwest
2020-06-03,7.0716675454540585,Midwest
2020-06-04,6.7105993734164855,Midwest
2020-06-05,6.627597599068525,Midwest
2020-06-06,6.421033989356229,Midwest
2020-06-07,6.291618124566844,Midwest
2020-06-08,6.116415386774444,Midwest
2020-06-09,4.898150048926733,Midwest
2020-06-10,4.7451089939577065,Midwest
2020-06-11,4.6202927237165765,Midwest
2020-06-12,4.628864695374679,Midwest
2020-06-13,4.545235703588317,Midwest
2020-06-14,4.530182485066777,Midwest
2020-06-15,4.592695156427069,Midwest
2020-06-16,4.6464267836498045,Midwest
2020-06-17,4.748036008670224,Midwest
2020-06-18,4.948118371519077,Midwest
2020-06-19,4.955017763341453,Midwest
2020-06-20,5.053490901169882,Midwest
2020-06-21,5.223884971934576,Midwest
2020-06-22,5.451355829593458,Midwest
2020-06-23,5.764755476312821,Midwest
2020-06-24,5.95229349039372,Midwest
2020-06-25,6.057875092523986,Midwest
2020-06-26,6.38068300081932,Midwest
2020-06-27,6.648713919494578,Midwest
2020-06-28,6.876811994591865,Midwest
2020-06-29,6.748023347240871,Midwest
2020-06-30,6.990547423421298,Midwest
2020-07-01,6.919880925361834,Midwest
2020-07-02,7.011872816326815,Midwest
2020-07-03,7.326735970402441,Midwest
2020-07-04,7.433572007409506,Midwest
2020-07-05,7.736308957676107,Midwest
2020-07-06,8.12079324741386,Midwest
2020-07-07,8.481234202013038,Midwest
2020-07-08,9.230968113377688,Midwest
2020-07-09,9.56903831267404,Midwest
2020-07-10,9.640959245610295,Midwest
2020-07-11,9.935333296698255,Midwest
2020-07-12,10.232843434978214,Midwest
2020-07-13,10.57091363427456,Midwest
2020-07-14,10.73357202329901,Midwest
2020-07-15,10.666459757390454,Midwest
2020-07-16,10.840198987826604,Midwest
2020-07-17,10.93595418342199,Midwest
2020-07-18,11.24370887319577,Midwest
2020-07-19,11.395286420808532,Midwest
2020-07-20,11.779352565587368,Midwest
2020-07-21,12.014559104986482,Midwest
2020-07-22,12.193525147409272,Midwest
2020-07-23,12.510479026279556,Midwest
2020-07-24,12.62463260006791,Midwest
2020-07-25,12.595362452942702,Midwest
2020-07-26,12.782064177105722,Midwest
2020-07-27,12.963957234241066,Midwest
2020-07-28,13.230524645560044,Midwest
2020-07-29,14.296585218356554,Midwest
2020-07-30,13.95098840979947,Midwest
2020-07-31,13.891193680672222,Midwest
2020-08-01,13.8270084294762,Midwest
2020-08-02,13.67752160665808,Midwest
2020-08-03,13.369348771925376,Midwest
2020-08-04,13.032533007505853,Midwest
2020-08-05,11.954137158420824,Midwest
2020-08-06,12.146692912008918,Midwest
2020-08-07,12.16404592780458,Midwest
2020-08-08,12.102369546362148,Midwest
2020-08-09,12.03149397582322,Midwest
2020-08-10,12.04675626682422,Midwest
2020-08-11,12.3202230699656,Midwest
2020-08-12,12.4678282404685,Midwest
2020-08-13,12.349284144611351,Midwest
2020-08-14,12.407406293902874,Midwest
2020-08-15,12.33214020129514,Midwest
2020-08-16,12.395698235052787,Midwest
2020-08-17,12.224676946849687,Midwest
2020-08-18,11.905423270705295,Midwest
2020-08-19,12.267745877619678,Midwest
2020-08-20,12.237848513056049,Midwest
2020-08-21,12.55312981209059,Midwest
2020-08-22,12.63550436900016,Midwest
2020-08-23,13.49081988249508,Midwest
2020-08-24,14.191003616226329,Midwest
2020-08-25,14.788114617580888,Midwest
2020-08-26,14.572351818772097,Midwest
2020-08-27,15.098796322067193,Midwest
2020-08-28,15.033147563514891,Midwest
2020-08-29,15.327939759561769,Midwest
2020-08-30,14.780169863361174,Midwest
2020-08-31,14.363070266826726,Midwest
2020-09-01,15.121585222328967,Midwest
2020-09-02,15.556665052097452,Midwest
2020-09-03,15.081025161312564,Midwest
2020-09-04,15.01119495317098,Midwest
2020-09-05,14.519247408987768,Midwest
2020-09-06,14.10570204460426,Midwest
2020-09-07,14.15817923695018,Midwest
2020-09-08,13.310181260236552,Midwest
2020-09-09,13.041941269081814,Midwest
2020-09-10,13.556677713526822,Midwest
2020-09-11,13.876767679589092,Midwest
2020-09-12,14.019982328023222,Midwest
2020-09-13,15.906443310243889,Midwest
2020-09-14,16.346122734560655,Midwest
2020-09-15,16.830334597003667,Midwest
2020-09-16,17.111955226844188,Midwest
2020-09-17,16.960168606751953,Midwest
2020-09-18,17.199347523260933,Midwest
2020-09-19,17.531145548173257,Midwest
2020-09-20,16.40570839120842,Midwest
2020-09-21,16.528852081613845,Midwest
2020-09-22,16.841624510894786,Midwest
2020-09-23,17.382495015273037,Midwest
2020-09-24,17.591567494738918,Midwest
2020-09-25,17.840990962741717,Midwest
2020-09-26,18.078497299414963,Midwest
2020-09-27,18.551210175487306,Midwest
2020-09-28,18.913741854881167,Midwest
2020-09-29,18.828440283259088,Midwest
2020-09-30,18.92691342108751,Midwest
2020-10-01,18.843493501780635,Midwest
2020-10-02,18.704042157976897,Midwest
2020-10-03,19.05172969132864,Midwest
2020-10-04,19.0542385610822,Midwest
2020-10-05,19.81484424137912,Midwest
2020-10-06,20.47802214624492,Midwest
2020-10-07,21.745419516767097,Midwest
2020-10-08,22.557457027012603,Midwest
2020-10-09,23.17296640656016,Midwest
2020-10-10,23.79558425040952,Midwest
2020-10-11,25.10166002963292,Midwest
2020-10-12,26.636879246350865,Midwest
2020-10-13,27.159978589974543,Midwest
2020-10-14,27.28354042533891,Midwest
2020-10-15,27.036207682130776,Midwest
2020-10-16,29.15662076887373,Midwest
2020-10-17,30.599220877188312,Midwest
2020-10-18,30.73909036595101,Midwest
2020-10-19,31.021547285709424,Midwest
2020-10-20,32.242948710749154,Midwest
2020-10-21,33.24440588739077,Midwest
2020-10-22,35.04911953014015,Midwest
2020-10-23,34.99016109093083,Midwest
2020-10-24,35.7357135527062,Midwest
2020-10-25,37.47582379930071,Midwest
2020-10-26,39.8799482406789,Midwest
2020-10-27,42.26295636163114,Midwest
2020-10-28,42.50171713318112,Midwest
2020-10-29,45.47995460317264,Midwest
2020-10-30,48.396097546762746,Midwest
2020-10-31,49.72558944368633,Midwest
2020-11-01,52.53092397315949,Midwest
2020-11-02,54.92710366031803,Midwest
2020-11-03,59.97515867702189,Midwest
2020-11-04,63.072358387829325,Midwest
2020-11-05,64.5170492209386,Midwest
2020-11-06,69.8394073307016,Midwest
2020-11-07,75.35264861421692,Midwest
2020-11-08,80.40906653009942,Midwest
2020-11-09,81.79375356160187,Midwest
2020-11-10,85.20727993384143,Midwest
2020-11-11,90.56873459726452,Midwest
2020-11-12,92.40083673482413,Midwest
2020-11-13,93.29315807718449,Midwest
2020-11-14,91.6247596910466,Midwest
2020-11-15,87.94508405244727,Midwest
2020-11-16,88.80604452288766,Midwest
2020-11-17,85.40150826726536,Midwest
2020-11-18,88.85726728035682,Midwest
2020-11-19,88.46065678680996,Midwest
2020-11-20,87.52150320904926,Midwest
2020-11-21,88.57752830283142,Midwest
2020-11-22,91.0364297338298,Midwest
2020-11-23,86.78431364645267,Midwest
2020-11-24,84.78892590243021,Midwest
2020-11-25,81.53847606417416,Midwest
2020-11-26,78.04612936717594,Midwest
2020-11-27,74.92300466891471,Midwest
2020-11-28,73.64849883409063,Midwest
2020-11-29,73.23014480267935,Midwest
2020-11-30,77.16488886622726,Midwest
2020-12-01,79.5374433632061,Midwest
2020-12-02,75.916308018857,Midwest
2020-12-03,76.15674137024295,Midwest
2020-12-04,78.49354447323296,Midwest
2020-12-05,80.94031970042234,Midwest
2020-12-06,80.00451128233303,Midwest
2020-12-07,78.06473681784846,Midwest
2020-12-08,76.65475201633052,Midwest
2020-12-09,75.79337340093107,Midwest
2020-12-10,76.03192510000167,Midwest
2020-12-11,72.12226973398965,Midwest
2020-12-12,67.64310093391246,Midwest
2020-12-13,64.43258393923448,Midwest
2020-12-14,63.71191110251551,Midwest
2020-12-15,61.63226714926849,Midwest
2020-12-16,59.2404779841787,Midwest
2020-12-17,58.84595821542664,Midwest
2020-12-18,56.08724684887421,Midwest
2020-12-19,53.882995697865454,Midwest
2020-12-20,53.35989635424182,Midwest
2020-12-21,50.3444439829053,Midwest
2020-12-22,43.583458141937705,Midwest
2020-12-23,46.51319079669301,Midwest
2020-12-24,43.43564389895528,Midwest
2020-12-25,45.363292159630646,Midwest
2020-12-26,45.36329215963067,Midwest
2020-12-27,45.86485703786934,Midwest
2020-12-28,46.4224533406049,Midwest
2020-12-29,50.64153597622642,Midwest
2020-12-30,50.14666141733063,Midwest
2020-12-31,51.52946679651792,Midwest
2021-01-01,50.34987986737142,Midwest
2021-01-02,51.42764849901816,Midwest
2021-01-03,52.84390547492002,Midwest
2021-01-04,55.05296529295642,Midwest
2021-01-05,57.74916398814859,Midwest
2021-01-06,55.47591891891593,Midwest
2021-01-07,55.57878257881326,Midwest
2021-01-08,55.733287141138526,Midwest
2021-01-09,54.80584162222791,Midwest
2021-01-10,51.69756107000851,Midwest
2021-01-11,49.97626734656595,Midwest
2021-01-12,47.107374783335096,Midwest
2021-01-13,44.88702505140741,Midwest
2021-01-14,43.70973791953497,Midwest
2021-01-15,41.33362919040521,Midwest
2021-01-16,39.08693632606482,Midwest
2021-01-17,39.06895609283077,Midwest
2021-01-18,37.170368906801095,Midwest
2021-01-19,35.936423132993426,Midwest
2021-01-20,35.392416541423174,Midwest
2021-01-21,34.757254348805816,Midwest
2021-01-22,34.18627740738452,Midwest
2021-01-23,33.73029032966942,Midwest
2021-01-24,31.58917906745935,Midwest
2021-01-25,30.133407392938352,Midwest
2021-01-26,29.763558176763205,Midwest
2021-01-27,28.51748619914652,Midwest
2021-01-28,27.491567542407456,Midwest
2021-01-29,26.80100114273164,Midwest
2021-01-30,26.296509249780488,Midwest
2021-01-31,25.275817405027983,Midwest
2021-02-01,25.161872903719093,Midwest
2021-02-02,23.285447400512773,Midwest
2021-02-03,22.77802849284906,Midwest
2021-02-04,22.3322859666278,Midwest
2021-02-05,21.385396707126844,Midwest
2021-02-06,20.791212720484783,Midwest
2021-02-07,20.60095676417083,Midwest
2021-02-08,19.305961826359148,Midwest
2021-02-09,18.042536832946823,Midwest
2021-02-10,17.80837565594501,Midwest
2021-02-11,17.368487159148806,Midwest
2021-02-12,17.01766353860506,Midwest
2021-02-13,16.5712937949454,Midwest
2021-02-14,15.5719273430985,Midwest
2021-02-15,14.777870066087033,Midwest
2021-02-16,14.884497030614645,Midwest
2021-02-17,14.072459520369176,Midwest
2021-02-18,13.908755768947389,Midwest
2021-02-19,13.742961292730929,Midwest
2021-02-20,13.96102388881387,Midwest
2021-02-21,14.166960281087752,Midwest
2021-02-22,14.35763438236065,Midwest
2021-02-23,14.001583949830245,Midwest
2021-02-24,13.793138687802712,Midwest
2021-02-25,13.55375069881432,Midwest
2021-02-26,13.418062659640956,Midwest
2021-02-27,13.05469469032925,Midwest
2021-02-28,12.804434932408586,Midwest
2021-03-01,12.551248159775408,Midwest
2021-03-02,12.24223903512484,Midwest
2021-03-03,12.29429808251182,Midwest
2021-03-04,12.473055052455162,Midwest
2021-03-05,12.55333888457007,Midwest
2021-03-06,13.023333818409364,Midwest
2021-03-07,12.777673655036947,Midwest
2021-03-08,12.673555560262953,Midwest
2021-03-09,12.956012480021345,Midwest
2021-03-10,12.779973452311069,Midwest
2021-03-11,12.322941012198651,Midwest
2021-03-12,12.688608778784484,Midwest
2021-03-13,13.356804423157453,Midwest
2021-03-14,13.817600167900244,Midwest
2021-03-15,14.425164793228124,Midwest
2021-03-16,14.911467380465751,Midwest
2021-03-17,15.451919739885057,Midwest
2021-03-18,15.542657195973256,Midwest
2021-03-19,15.893271744037529,Midwest
2021-03-20,15.27232648002381,Midwest
2021-03-21,15.879472960392778,Midwest
2021-03-22,16.95577808468313,Midwest
2021-03-23,18.08330596644268,Midwest
2021-03-24,18.47092634337239,Midwest
2021-03-25,19.700063450152346,Midwest
2021-03-26,20.462550782764417,Midwest
2021-03-27,21.78807030257813,Midwest
2021-03-28,22.58881789893244,Midwest
2021-03-29,41.4070136306978,Midwest
2021-03-30,41.57259903443473,Midwest
2021-03-31,43.07833903154804,Midwest
2021-04-01,42.01855063313552,Midwest
2021-04-02,43.10698196123487,Midwest
2021-04-03,43.32985322434551,Midwest
2021-04-04,44.26963401954469,Midwest
2021-04-05,26.484465408820288,Midwest
2021-04-06,27.32849100842409,Midwest
2021-04-07,27.214337434635656,Midwest
2021-04-08,28.068816658212743,Midwest
2021-04-09,28.104358979721944,Midwest
2021-04-10,28.862037645306305,Midwest
2021-04-11,28.835694512893664,Midwest
2021-04-12,28.336847576888047,Midwest
2021-04-13,28.092441848392376,Midwest
2021-04-14,27.73848214065666,Midwest
2021-04-15,27.475678033968027,Midwest
2021-04-16,26.621826027829343,Midwest
2021-04-17,24.066333111317828,Midwest
2021-04-18,24.121737318376272,Midwest
2021-04-19,23.14641420166797,Midwest
2021-04-20,21.93504825564261,Midwest
2021-04-21,21.224829042897035,Midwest
2021-04-22,20.902021134601693,Midwest
2021-04-23,20.52046385957647,Midwest
2021-04-24,21.25179939274812,Midwest
2021-04-25,19.654276577149307,Midwest
2021-04-26,19.58235564421305,Midwest
2021-04-27,18.890743882139887,Midwest
2021-04-28,18.97771803359772,Midwest
2021-04-29,19.034794820491896,Midwest
2021-04-30,18.654282907864008,Midwest
2021-05-01,18.25244560233054,Midwest
2021-05-02,17.54264453454388,Midwest
2021-05-03,16.955569012203682,Midwest
2021-05-04,16.998219798014745,Midwest
2021-05-05,15.938222327122718,Midwest
2021-05-06,15.599943055346891,Midwest
2021-05-07,14.706576350589186,Midwest
2021-05-08,14.22111005326938,Midwest
2021-05-09,13.91523701581082,Midwest
2021-05-10,13.299309491304308,Midwest
2021-05-11,12.421205077547617,Midwest
2021-05-12,11.583033507368889,Midwest
2021-05-13,11.039863205716518,Midwest
2021-05-14,11.28531429660948,Midwest
2021-05-15,10.878877396527797,Midwest
2021-05-16,10.426235478484156,Midwest
2021-05-17,10.12224409334076,Midwest
2021-05-18,9.720406787807349,Midwest
2021-05-19,9.399689604306674,Midwest
2021-05-20,9.333831773274929,Midwest
2021-05-21,8.700969377931678,Midwest
2021-05-22,8.437119908845732,Midwest
2021-05-23,7.994513469816455,Midwest
2021-05-24,7.403674642845877,Midwest
2021-05-25,6.975494204899749,Midwest
2021-05-26,6.645995977261525,Midwest
2021-05-27,6.581183508627096,Midwest
2021-05-28,5.52975800939316,Midwest
2021-05-29,5.077325163828993,Midwest
2021-05-30,4.538963529204338,Midwest
2021-05-31,4.380486589769199,Midwest
2021-06-01,4.169532457988126,Midwest
2021-06-02,4.022136359964676,Midwest
2021-06-03,3.809718720827342,Midwest
2021-06-04,4.237062868855606,Midwest
2021-06-05,4.171623182782782,Midwest
2021-06-06,4.129808686889598,Midwest
2021-06-07,3.857178173666094,Midwest
2021-06-08,3.600228096402521,Midwest
2020-01-26,0.0,Northeast
2020-01-27,0.0,Northeast
2020-01-28,0.0,Northeast
2020-01-29,0.0002508176850917,Northeast
2020-01-30,0.0002508176850917,Northeast
2020-01-31,0.0002508176850917,Northeast
2020-02-01,0.0002508176850917,Northeast
2020-02-02,0.0002508176850917,Northeast
2020-02-03,0.0002508176850917,Northeast
2020-02-04,0.0002508176850917,Northeast
2020-02-05,0.0,Northeast
2020-02-06,0.0,Northeast
2020-02-07,0.0,Northeast
2020-02-08,0.0,Northeast
2020-02-09,0.0,Northeast
2020-02-10,0.0,Northeast
2020-02-11,0.0,Northeast
2020-02-12,0.0,Northeast
2020-02-13,0.0,Northeast
2020-02-14,0.0,Northeast
2020-02-15,0.0,Northeast
2020-02-16,0.0,Northeast
2020-02-17,0.0,Northeast
2020-02-18,0.0,Northeast
2020-02-19,0.0,Northeast
2020-02-20,0.0,Northeast
2020-02-21,0.0,Northeast
2020-02-22,0.0,Northeast
2020-02-23,0.0,Northeast
2020-02-24,0.0,Northeast
2020-02-25,0.0,Northeast
2020-02-26,0.0,Northeast
2020-02-27,0.0002508176850917,Northeast
2020-02-28,0.001003270740367,Northeast
2020-02-29,0.0017557237956423,Northeast
2020-03-01,0.0040130829614683,Northeast
2020-03-02,0.007524530552753,Northeast
2020-03-03,0.0095310720334872,Northeast
2020-03-04,0.0233260447135345,Northeast
2020-03-05,0.0366193820233983,Northeast
2020-03-06,0.054427437664914,Northeast
2020-03-07,0.0744928524722556,Northeast
2020-03-08,0.0832714714504676,Northeast
2020-03-09,0.118636765048407,Northeast
2020-03-10,0.1462267104085017,Northeast
2020-03-11,0.1843509985424507,Northeast
2020-03-12,0.2192146567702067,Northeast
2020-03-13,0.2866846140598927,Northeast
2020-03-14,0.4911010274096855,Northeast
2020-03-15,0.9270221640991816,Northeast
2020-03-16,1.6431066550361837,Northeast
2020-03-17,2.267893508599781,Northeast
2020-03-18,3.4595283304707785,Northeast
2020-03-19,4.544064000807599,Northeast
2020-03-20,6.043953757656382,Northeast
2020-03-21,7.349710626244132,Northeast
2020-03-22,9.21127948499524,Northeast
2020-03-23,10.746534535441963,Northeast
2020-03-24,12.355028349935482,Northeast
2020-03-25,14.1039800680804,Northeast
2020-03-26,15.433062981381669,Northeast
2020-03-27,16.93721663887703,Northeast
2020-03-28,18.461937346549888,Northeast
2020-03-29,19.4519147496071,Northeast
2020-03-30,20.7355996619068,Northeast
2020-03-31,23.93803986515851,Northeast
2020-04-01,25.68448340645249,Northeast
2020-04-02,26.948855357000127,Northeast
2020-04-03,28.09132991259312,Northeast
2020-04-04,29.29349907723797,Northeast
2020-04-05,30.755515363637905,Northeast
2020-04-06,32.16285339468786,Northeast
2020-04-07,31.547346795472667,Northeast
2020-04-08,31.39058574229027,Northeast
2020-04-09,31.66748846663156,Northeast
2020-04-10,30.80291990612024,Northeast
2020-04-11,30.298023906030533,Northeast
2020-04-12,30.09937629943784,Northeast
2020-04-13,29.643389747941008,Northeast
2020-04-14,28.88441543285328,Northeast
2020-04-15,28.06323833186284,Northeast
2020-04-16,27.50567061790384,Northeast
2020-04-17,27.39706656025909,Northeast
2020-04-18,26.62153827795535,Northeast
2020-04-19,25.698027561447457,Northeast
2020-04-20,25.14121230054371,Northeast
2020-04-21,25.75997952966511,Northeast
2020-04-22,26.74343567290996,Northeast
2020-04-23,26.677972257101,Northeast
2020-04-24,25.848768990187605,Northeast
2020-04-25,25.38325136665729,Northeast
2020-04-26,24.610231261204447,Northeast
2020-04-27,23.681202555624523,Northeast
2020-04-28,21.872556228427783,Northeast
2020-04-29,20.029297060688368,Northeast
2020-04-30,18.964826805158868,Northeast
2020-05-01,18.32524170817486,Northeast
2020-05-02,17.713497374236045,Northeast
2020-05-03,16.83187321113849,Northeast
2020-05-04,16.09973638835563,Northeast
2020-05-05,15.367097930202547,Northeast
2020-05-06,14.406717013986162,Northeast
2020-05-07,13.792213685511337,Northeast
2020-05-08,13.60485287474778,Northeast
2020-05-09,12.94971708128808,Northeast
2020-05-10,12.493479712106144,Northeast
2020-05-11,11.9584855898054,Northeast
2020-05-12,11.55391666375237,Northeast
2020-05-13,11.336206913092711,Northeast
2020-05-14,11.098933382995895,Northeast
2020-05-15,10.967755733692917,Northeast
2020-05-16,10.884735079927538,Northeast
2020-05-17,10.979544164892218,Northeast
2020-05-18,10.697374269163982,Northeast
2020-05-19,10.29606597301714,Northeast
2020-05-20,9.706393595366396,Northeast
2020-05-21,9.51100661867991,Northeast
2020-05-22,9.035707105431,Northeast
2020-05-23,8.681552534081428,Northeast
2020-05-24,7.990800629338692,Northeast
2020-05-25,7.723178159345779,Northeast
2020-05-26,7.460321225369599,Northeast
2020-05-27,7.420190395754914,Northeast
2020-05-28,7.070550542736991,Northeast
2020-05-29,7.645173859282236,Northeast
2020-05-30,7.65721310816664,Northeast
2020-05-31,7.439503357506989,Northeast
2020-06-01,6.93435653973216,Northeast
2020-06-02,6.623593427903458,Northeast
2020-06-03,6.433975257974083,Northeast
2020-06-04,6.0720453383866575,Northeast
2020-06-05,5.199450611952389,Northeast
2020-06-06,4.874892527443636,Northeast
2020-06-07,4.711861032133987,Northeast
2020-06-08,4.589462001809203,Northeast
2020-06-09,4.479854673424099,Northeast
2020-06-10,4.23179598286834,Northeast
2020-06-11,4.101872421990805,Northeast
2020-06-12,3.879397135314404,Northeast
2020-06-13,3.80666000663779,Northeast
2020-06-14,3.6734758158540575,Northeast
2020-06-15,3.5513276032143675,Northeast
2020-06-16,3.453007070658393,Northeast
2020-06-17,3.3223310567255804,Northeast
2020-06-18,3.3544357204173263,Northeast
2020-06-19,3.36471924550609,Northeast
2020-06-20,3.3933124616065493,Northeast
2020-06-21,3.363465157080631,Northeast
2020-06-22,3.432189202795776,Northeast
2020-06-23,3.4168893240051776,Northeast
2020-06-24,3.4615348719515127,Northeast
2020-06-25,3.5016657015661954,Northeast
2020-06-26,3.4357006503870595,Northeast
2020-06-27,3.4861150050905043,Northeast
2020-06-28,3.596976421901068,Northeast
2020-06-29,3.717619728430212,Northeast
2020-06-30,3.878143046888945,Northeast
2020-07-01,3.817445167096735,Northeast
2020-07-02,3.708841109451999,Northeast
2020-07-03,3.817946802466917,Northeast
2020-07-04,3.883661035960961,Northeast
2020-07-05,3.775558613686408,Northeast
2020-07-06,3.7733012545205855,Northeast
2020-07-07,3.690531418440303,Northeast
2020-07-08,3.7677832654485663,Northeast
2020-07-09,3.854315366805228,Northeast
2020-07-10,3.777815972852236,Northeast
2020-07-11,3.903475633083215,Northeast
2020-07-12,4.154794953545164,Northeast
2020-07-13,4.061490774691028,Northeast
2020-07-14,4.092341349957312,Northeast
2020-07-15,4.040672906828412,Northeast
2020-07-16,4.188655341032555,Northeast
2020-07-17,4.217499374818109,Northeast
2020-07-18,4.171599738446316,Northeast
2020-07-19,4.232548435923615,Northeast
2020-07-20,4.323344437926839,Northeast
2020-07-21,4.554096708211267,Northeast
2020-07-22,4.687782534365179,Northeast
2020-07-23,4.634860002810814,Northeast
2020-07-24,4.775568724147295,Northeast
2020-07-25,4.816452006817254,Northeast
2020-07-26,5.263659939335883,Northeast
2020-07-27,5.0028095468404405,Northeast
2020-07-28,4.891195676974605,Northeast
2020-07-29,4.836266603939503,Northeast
2020-07-30,4.763278657577802,Northeast
2020-07-31,4.6850235398291655,Northeast
2020-08-01,4.541555823956678,Northeast
2020-08-02,4.231795982868345,Northeast
2020-08-03,4.410378174653684,Northeast
2020-08-04,4.227030446851597,Northeast
2020-08-05,4.221512457779584,Northeast
2020-08-06,4.23530743045963,Northeast
2020-08-07,4.174358732982327,Northeast
2020-08-08,4.263649828874998,Northeast
2020-08-09,4.129964002721083,Northeast
2020-08-10,4.173606279927049,Northeast
2020-08-11,4.2247730876857705,Northeast
2020-08-12,4.1680882908550325,Northeast
2020-08-13,4.081807007183463,Northeast
2020-08-14,4.0025486186944645,Northeast
2020-08-15,3.833246681257516,Northeast
2020-08-16,3.702821485009794,Northeast
2020-08-17,3.5405424427554206,Northeast
2020-08-18,3.9887536460144126,Northeast
2020-08-19,3.956398164637576,Northeast
2020-08-20,3.916016517337802,Northeast
2020-08-21,4.067008763763046,Northeast
2020-08-22,4.084816819404563,Northeast
2020-08-23,4.164576843263745,Northeast
2020-08-24,4.280956249146325,Northeast
2020-08-25,3.82346479153894,Northeast
2020-08-26,3.955645711582301,Northeast
2020-08-27,4.041425359883688,Northeast
2020-08-28,4.057477691729557,Northeast
2020-08-29,4.210978115005723,Northeast
2020-08-30,4.273933353963757,Northeast
2020-08-31,4.467815424539696,Northeast
2020-09-01,4.437215666958499,Northeast
2020-09-02,4.355198283933488,Northeast
2020-09-03,4.353944195508031,Northeast
2020-09-04,4.184893075756178,Northeast
2020-09-05,4.35344256013785,Northeast
2020-09-06,4.3000183932133,Northeast
2020-09-07,4.18940779408783,Northeast
2020-09-08,4.3622211791160606,Northeast
2020-09-09,4.521239591464241,Northeast
2020-09-10,4.443486109085796,Northeast
2020-09-11,4.791370238308078,Northeast
2020-09-12,4.754249220914496,Northeast
2020-09-13,4.829494526442031,Northeast
2020-09-14,4.969450794723238,Northeast
2020-09-15,4.874390892073452,Northeast
2020-09-16,4.958916451949382,Northeast
2020-09-17,5.22227502129574,Northeast
2020-09-18,5.046201006361318,Northeast
2020-09-19,4.87564498049891,Northeast
2020-09-20,4.826735531906017,Northeast
2020-09-21,4.853573024210839,Northeast
2020-09-22,4.905241467339742,Northeast
2020-09-23,4.965688529446861,Northeast
2020-09-24,5.124957759480131,Northeast
2020-09-25,5.341664239399418,Northeast
2020-09-26,5.618065328370552,Northeast
2020-09-27,6.039188221639633,Northeast
2020-09-28,6.298784525709617,Northeast
2020-09-29,6.958184219815881,Northeast
2020-09-30,6.974236551661753,Northeast
2020-10-01,7.390092273543902,Northeast
2020-10-02,7.487660353044602,Northeast
2020-10-03,7.586984156340953,Northeast
2020-10-04,7.695588213985682,Northeast
2020-10-05,8.37555495826947,Northeast
2020-10-06,8.316361984587816,Northeast
2020-10-07,8.239611772949738,Northeast
2020-10-08,7.968477855365533,Northeast
2020-10-09,8.31535871384744,Northeast
2020-10-10,8.56492231051376,Northeast
2020-10-11,9.220308921658548,Northeast
2020-10-12,8.707888391016064,Northeast
2020-10-13,8.830789056711035,Northeast
2020-10-14,9.405663190941365,Northeast
2020-10-15,9.356502924663378,Northeast
2020-10-16,9.841333509945764,Northeast
2020-10-17,9.898269124461596,Northeast
2020-10-18,9.818007465232242,Northeast
2020-10-19,10.226338656561644,Northeast
2020-10-20,10.48292514841052,Northeast
2020-10-21,10.95596730249359,Northeast
2020-10-22,11.504254762104198,Northeast
2020-10-23,11.624647250948264,Northeast
2020-10-24,12.42826711398228,Northeast
2020-10-25,13.165169472781905,Northeast
2020-10-26,13.813282371059026,Northeast
2020-10-27,14.479955778032958,Northeast
2020-10-28,14.558461713466688,Northeast
2020-10-29,14.92540798675595,Northeast
2020-10-30,15.281067464216074,Northeast
2020-10-31,15.55847182392757,Northeast
2020-11-01,16.19956182702213,Northeast
2020-11-02,16.91213487036785,Northeast
2020-11-03,17.64050942787435,Northeast
2020-11-04,19.10152244353392,Northeast
2020-11-05,19.97486962302345,Northeast
2020-11-06,21.198107473216005,Northeast
2020-11-07,22.969131147649,Northeast
2020-11-08,24.989969236433367,Northeast
2020-11-09,26.52497346919501,Northeast
2020-11-10,28.50969381132619,Northeast
2020-11-11,29.80341143102953,Northeast
2020-11-12,31.128481261369355,Northeast
2020-11-13,32.554379801116085,Northeast
2020-11-14,33.37956998506798,Northeast
2020-11-15,34.81976513286494,Northeast
2020-11-16,35.984562462431114,Northeast
2020-11-17,36.323166337305,Northeast
2020-11-18,37.07888002248653,Northeast
2020-11-19,38.11450624423043,Northeast
2020-11-20,38.87348055931814,Northeast
2020-11-21,38.873982194688296,Northeast
2020-11-22,39.490492064643846,Northeast
2020-11-23,38.98860587677527,Northeast
2020-11-24,40.58506044238435,Northeast
2020-11-25,40.08718733747718,Northeast
2020-11-26,40.336249298773296,Northeast
2020-11-27,40.500785700193504,Northeast
2020-11-28,41.45414372122733,Northeast
2020-11-29,43.27006376129173,Northeast
2020-11-30,47.83820625986814,Northeast
2020-12-01,50.12064719420327,Northeast
2020-12-02,54.1244499013232,Northeast
2020-12-03,56.529289865983074,Northeast
2020-12-04,58.25892862237593,Northeast
2020-12-05,60.44756374248672,Northeast
2020-12-06,61.93792242730197,Northeast
2020-12-07,61.177944841473945,Northeast
2020-12-08,61.69488009044807,Northeast
2020-12-09,61.69362600202266,Northeast
2020-12-10,61.81903484456845,Northeast
2020-12-11,63.05957911503241,Northeast
2020-12-12,62.83008093317343,Northeast
2020-12-13,63.24719074348107,Northeast
2020-12-14,62.97304701367575,Northeast
2020-12-15,62.07637378947273,Northeast
2020-12-16,60.661009592499845,Northeast
2020-12-17,59.791424678286646,Northeast
2020-12-18,59.3417085689171,Northeast
2020-12-19,58.5029742299702,Northeast
2020-12-20,56.351961762623205,Northeast
2020-12-21,55.21299865462144,Northeast
2020-12-22,52.69428746092989,Northeast
2020-12-23,50.99349273832262,Northeast
2020-12-24,48.00123775517781,Northeast
2020-12-25,47.71681050028378,Northeast
2020-12-26,58.93036756536656,Northeast
2020-12-27,60.24364896450703,Northeast
2020-12-28,63.165674995826166,Northeast
2020-12-29,64.74106087588761,Northeast
2020-12-30,70.15370652016806,Northeast
2020-12-31,72.86203588378896,Northeast
2021-01-01,72.08073879472805,Northeast
2021-01-02,67.66985898470419,Northeast
2021-01-03,69.84996630352188,Northeast
2021-01-04,71.32602838028687,Northeast
2021-01-05,77.45902241615086,Northeast
2021-01-06,75.11412787822795,Northeast
2021-01-07,77.5939623307302,Northeast
2021-01-08,78.81870508703338,Northeast
2021-01-09,75.62203369053881,Northeast
2021-01-10,75.58265531397939,Northeast
2021-01-11,72.88084721017076,Northeast
2021-01-12,69.11381639777751,Northeast
2021-01-13,69.35635709926129,Northeast
2021-01-14,66.58356759057173,Northeast
2021-01-15,67.44086243821545,Northeast
2021-01-16,64.38113749778087,Northeast
2021-01-17,61.67932939397237,Northeast
2021-01-18,62.12127015510412,Northeast
2021-01-19,58.826278226053496,Northeast
2021-01-20,57.87367265807494,Northeast
2021-01-21,58.37254903372253,Northeast
2021-01-22,56.86036921030424,Northeast
2021-01-23,55.63086091798434,Northeast
2021-01-24,54.39382809511177,Northeast
2021-01-25,52.5972210167994,Northeast
2021-01-26,53.96292331212408,Northeast
2021-01-27,52.988245787857466,Northeast
2021-01-28,51.809904303296335,Northeast
2021-01-29,49.62152000087067,Northeast
2021-01-30,48.55027766784369,Northeast
2021-01-31,44.56252729256964,Northeast
2021-02-01,41.85319465820833,Northeast
2021-02-02,39.18148467661079,Northeast
2021-02-03,35.22082261132666,Northeast
2021-02-04,38.21031859993548,Northeast
2021-02-05,36.9675169703058,Northeast
2021-02-06,37.0076477999205,Northeast
2021-02-07,38.05857390045496,Northeast
2021-02-08,38.3532846804378,Northeast
2021-02-09,37.68636045577878,Northeast
2021-02-10,39.37662083561219,Northeast
2021-02-11,34.616351990255545,Northeast
2021-02-12,33.992568407432294,Northeast
2021-02-13,32.39285321191696,Northeast
2021-02-14,31.77458761816576,Northeast
2021-02-15,30.4512735116216,Northeast
2021-02-16,29.98299689355528,Northeast
2021-02-17,28.9448624949604,Northeast
2021-02-18,28.233292722355063,Northeast
2021-02-19,28.1078838798092,Northeast
2021-02-20,27.523478673545345,Northeast
2021-02-21,28.02411077298853,Northeast
2021-02-22,28.37349980832136,Northeast
2021-02-23,26.297732646501885,Northeast
2021-02-24,29.355451045455613,Northeast
2021-02-25,29.27493856854114,Northeast
2021-02-26,29.90123032821534,Northeast
2021-02-27,30.06802408880136,Northeast
2021-02-28,29.51371700474856,Northeast
2021-03-01,29.16382633404553,Northeast
2021-03-02,31.30330118787833,Northeast
2021-03-03,28.469312164026416,Northeast
2021-03-04,28.21749120819428,Northeast
2021-03-05,27.5342638340043,Northeast
2021-03-06,28.315059287694982,Northeast
2021-03-07,28.00479781123646,Northeast
2021-03-08,27.965670252362145,Northeast
2021-03-09,26.072247547604373,Northeast
2021-03-10,27.67873482061716,Northeast
2021-03-11,27.552071889645823,Northeast
2021-03-12,28.715865948471617,Northeast
2021-03-13,28.575157227135147,Northeast
2021-03-14,28.552583635476893,Northeast
2021-03-15,28.12719684156124,Northeast
2021-03-16,29.274436933171,Northeast
2021-03-17,27.14374069831641,Northeast
2021-03-18,27.51796068447337,Northeast
2021-03-19,26.127678256009663,Northeast
2021-03-20,25.56333846455317,Northeast
2021-03-21,35.133788874599844,Northeast
2021-03-22,35.554911767868894,Northeast
2021-03-23,37.58327438720605,Northeast
2021-03-24,38.63495294079584,Northeast
2021-03-25,41.478723854366336,Northeast
2021-03-26,42.1682216706836,Northeast
2021-03-27,42.70070761613342,Northeast
2021-03-28,36.24240304270548,Northeast
2021-03-29,38.01844307084026,Northeast
2021-03-30,37.47140969965512,Northeast
2021-03-31,37.62390685219096,Northeast
2021-04-01,36.05679795573754,Northeast
2021-04-02,35.978041202618705,Northeast
2021-04-03,37.47692768872715,Northeast
2021-04-04,35.80322127610977,Northeast
2021-04-05,35.35776906738679,Northeast
2021-04-06,35.88749601830061,Northeast
2021-04-07,36.10370086284971,Northeast
2021-04-08,35.62087681904804,Northeast
2021-04-09,35.67906652198935,Northeast
2021-04-10,35.15510837783262,Northeast
2021-04-11,34.46335320234954,Northeast
2021-04-12,34.70990698679472,Northeast
2021-04-13,34.0522630164841,Northeast
2021-04-14,34.10919863099994,Northeast
2021-04-15,33.937890152082275,Northeast
2021-04-16,33.191205903564104,Northeast
2021-04-17,31.78286460177377,Northeast
2021-04-18,31.28148004927533,Northeast
2021-04-19,29.382037720075378,Northeast
2021-04-20,28.102867526107328,Northeast
2021-04-21,25.79509400557796,Northeast
2021-04-22,25.36343676953503,Northeast
2021-04-23,24.21669831329545,Northeast
2021-04-24,22.890374394530184,Northeast
2021-04-25,21.32627531029789,Northeast
2021-04-26,20.22418240200468,Northeast
2021-04-27,19.35911220612316,Northeast
2021-04-28,19.069417779842155,Northeast
2021-04-29,17.70898265590442,Northeast
2021-04-30,17.371131234085787,Northeast
2021-05-01,17.262276358755976,Northeast
2021-05-02,17.021742198752964,Northeast
2021-05-03,16.51810028708869,Northeast
2021-05-04,15.44961694859774,Northeast
2021-05-05,14.94271440702728,Northeast
2021-05-06,13.947720650268224,Northeast
2021-05-07,13.676837550369118,Northeast
2021-05-08,13.016685403207576,Northeast
2021-05-09,12.116500731413216,Northeast
2021-05-10,11.476664816744112,Northeast
2021-05-11,10.762837684972926,Northeast
2021-05-12,10.086884023650615,Northeast
2021-05-13,10.223078026655442,Northeast
2021-05-14,9.682064279912506,Northeast
2021-05-15,9.357506195403753,Northeast
2021-05-16,8.530811105341272,Northeast
2021-05-17,8.209764468423806,Northeast
2021-05-18,8.085860531988473,Northeast
2021-05-19,7.407900329185417,Northeast
2021-05-20,7.407398693815239,Northeast
2021-05-21,7.461575313795061,Northeast
2021-05-22,7.051990034040196,Northeast
2021-05-23,6.740223651471128,Northeast
2021-05-24,6.232568656845383,Northeast
2021-05-25,5.773070657757262,Northeast
2021-05-26,5.479112330829707,Northeast
2021-05-27,4.97195897157415,Northeast
2021-05-28,4.288731597384171,Northeast
2021-05-29,4.083562730979105,Northeast
2021-05-30,3.683759340942824,Northeast
2021-05-31,3.515711491931337,Northeast
2021-06-01,3.237554679164563,Northeast
2021-06-02,3.4898772703668834,Northeast
2021-06-03,3.180869882333825,Northeast
2021-06-04,3.2069549215833684,Northeast
2021-06-05,3.1174130080056086,Northeast
2021-06-06,3.144501317995516,Northeast
2021-06-07,2.976955104354216,Northeast
2021-06-08,2.8081548022874547,Northeast
2020-01-26,0.0,South
2020-01-27,0.0,South
2020-01-28,0.0,South
2020-01-29,0.0,South
2020-01-30,0.0,South
2020-01-31,0.0,South
2020-02-01,0.0,South
2020-02-02,0.0,South
2020-02-03,0.0,South
2020-02-04,0.0,South
2020-02-05,0.0,South
2020-02-06,0.0,South
2020-02-07,0.0,South
2020-02-08,0.0,South
2020-02-09,0.0,South
2020-02-10,0.0,South
2020-02-11,0.0,South
2020-02-12,0.0,South
2020-02-13,0.0,South
2020-02-14,0.0,South
2020-02-15,0.0,South
2020-02-16,0.0,South
2020-02-17,0.0,South
2020-02-18,0.0,South
2020-02-19,0.0,South
2020-02-20,0.0,South
2020-02-21,0.0,South
2020-02-22,0.0,South
2020-02-23,0.0,South
2020-02-24,0.0,South
2020-02-25,0.0,South
2020-02-26,0.0,South
2020-02-27,0.0,South
2020-02-28,0.0001146464525587,South
2020-02-29,0.0004585858102351,South
2020-03-01,0.0004585858102351,South
2020-03-02,0.0010318180730291,South
2020-03-03,0.0019489896934994,South
2020-03-04,0.0035540400293225,South
2020-03-05,0.0053883832702631,South
2020-03-06,0.0102035342777324,South
2020-03-07,0.0132989884968197,South
2020-03-08,0.0189166646722005,South
2020-03-09,0.0232732298694346,South
2020-03-10,0.0332474712420494,South
2020-03-11,0.054915650775661,South
2020-03-12,0.0650045386008346,South
2020-03-13,0.0780742341925367,South
2020-03-14,0.1073090795950285,South
2020-03-15,0.1522504889980745,South
2020-03-16,0.2242484612049954,South
2020-03-17,0.3200928955441465,South
2020-03-18,0.3912883425831562,South
2020-03-19,0.486788837564629,South
2020-03-20,0.6436251846650535,South
2020-03-21,0.7776468877062813,South
2020-03-22,0.9940993901372768,South
2020-03-23,1.211125124831063,South
2020-03-24,1.4570417655696686,South
2020-03-25,1.720728606454892,South
2020-03-26,1.995192213880648,South
2020-03-27,2.215771988603762,South
2020-03-28,2.65716083095512,South
2020-03-29,2.9247456512273344,South
2020-03-30,3.5021051863134005,South
2020-03-31,3.861980400895445,South
2020-04-01,4.306693990370992,South
2020-04-02,4.416869231279992,South
2020-04-03,4.759432831525659,South
2020-04-04,5.013374723943385,South
2020-04-05,5.226731772155295,South
2020-04-06,5.127333297786818,South
2020-04-07,5.241177225177696,South
2020-04-08,5.095346937522915,South
2020-04-09,5.179726726606188,South
2020-04-10,5.093283301376856,South
2020-04-11,4.780527778796472,South
2020-04-12,4.691218192253177,South
2020-04-13,4.603742948950823,South
2020-04-14,4.583221233942803,South
2020-04-15,4.485771749267832,South
2020-04-16,4.509732857852619,South
2020-04-17,4.44587478377737,South
2020-04-18,4.537248006466728,South
2020-04-19,4.542407096831867,South
2020-04-20,4.672301527580975,South
2020-04-21,4.692937889041568,South
2020-04-22,4.811711613892466,South
2020-04-23,4.719765158940314,South
2020-04-24,4.734669197772961,South
2020-04-25,4.74051616685346,South
2020-04-26,4.700619201362997,South
2020-04-27,4.629309107871428,South
2020-04-28,4.954561093780726,South
2020-04-29,5.132377741699404,South
2020-04-30,5.295290350785452,South
2020-05-01,5.384255997971066,South
2020-05-02,5.436764073242989,South
2020-05-03,5.491565077566102,South
2020-05-04,5.602772136548129,South
2020-05-05,5.208617632651007,South
2020-05-06,5.156338850284196,South
2020-05-07,5.157141375452106,South
2020-05-08,5.11632723834117,South
2020-05-09,5.1078434008518245,South
2020-05-10,5.176287333029423,South
2020-05-11,5.272590353178811,South
2020-05-12,5.358231253240222,South
2020-05-13,5.44444538556444,South
2020-05-14,5.335645902086148,South
2020-05-15,5.418764580191272,South
2020-05-16,5.615612539234715,South
2020-05-17,5.59818627844577,South
2020-05-18,5.751124646159189,South
2020-05-19,5.773136765050476,South
2020-05-20,5.731176163413966,South
2020-05-21,5.92378220371274,South
2020-05-22,6.029600879424501,South
2020-05-23,5.881477662718551,South
2020-05-24,5.946711494224503,South
2020-05-25,5.848918070191843,South
2020-05-26,6.105038245208198,South
2020-05-27,6.231837221738211,South
2020-05-28,6.220257930029777,South
2020-05-29,6.260957420688143,South
2020-05-30,6.407934172868518,South
2020-05-31,6.578528094275994,South
2020-06-01,6.663595762074623,South
2020-06-02,6.578642740728556,South
2020-06-03,6.740064945931326,South
2020-06-04,6.87580634576093,South
2020-06-05,6.832699279598832,South
2020-06-06,6.950441186376707,South
2020-06-07,7.072883597709493,South
2020-06-08,7.139951772456392,South
2020-06-09,7.527800721462777,South
2020-06-10,7.864173413270259,South
2020-06-11,8.212354689691319,South
2020-06-12,8.417571839771545,South
2020-06-13,8.901953101832449,South
2020-06-14,9.162085902688348,South
2020-06-15,9.549590912337065,South
2020-06-16,9.964611070599872,South
2020-06-17,10.281608511924908,South
2020-06-18,10.672323622245283,South
2020-06-19,11.266536185857497,South
2020-06-20,11.849054811308733,South
2020-06-21,12.912171365886383,South
2020-06-22,13.75803289286518,South
2020-06-23,14.95906912987108,South
2020-06-24,15.954888216796762,South
2020-06-25,16.78492853332241,South
2020-06-26,17.6171471324467,South
2020-06-27,18.43698391469461,South
2020-06-28,19.181383331158816,South
2020-06-29,20.411539767114647,South
2020-06-30,21.120972015548457,South
2020-07-01,21.87649213791088,South
2020-07-02,22.223412303353783,South
2020-07-03,22.33782946300743,South
2020-07-04,22.95772283199289,South
2020-07-05,23.72596871058932,South
2020-07-06,24.33187521236254,South
2020-07-07,25.049218066022902,South
2020-07-08,25.73961900333196,South
2020-07-09,27.16089107570317,South
2020-07-10,28.44527528371935,South
2020-07-11,29.40509538454156,South
2020-07-12,30.022122592212945,South
2020-07-13,31.2860997316736,South
2020-07-14,31.43193001932841,South
2020-07-15,31.70444463706072,South
2020-07-16,31.770824933092207,South
2020-07-17,31.412554768846032,South
2020-07-18,31.33688811015724,South
2020-07-19,31.027113395343363,South
2020-07-20,30.0803629901128,South
2020-07-21,30.236740751403,South
2020-07-22,30.18790136261298,South
2020-07-23,29.88615189947828,South
2020-07-24,29.765543831386434,South
2020-07-25,29.425043867286814,South
2020-07-26,30.25153014378313,South
2020-07-27,29.24218277545555,South
2020-07-28,28.694745964487257,South
2020-07-29,28.202798036557496,South
2020-07-30,26.90293655744596,South
2020-07-31,26.73131081796552,South
2020-08-01,26.359856311674942,South
2020-08-02,24.75526456166212,South
2020-08-03,24.846752430804063,South
2020-08-04,24.473119641914927,South
2020-08-05,24.485157519433624,South
2020-08-06,24.74379991640624,South
2020-08-07,23.672772756602026,South
2020-08-08,23.28377734307,South
2020-08-09,23.112151603589503,South
2020-08-10,22.57961883145394,South
2020-08-11,21.92934415254049,South
2020-08-12,21.150206860950924,South
2020-08-13,20.614463988143694,South
2020-08-14,20.565853892258765,South
2020-08-15,19.91878931401696,South
2020-08-16,19.37674088631898,South
2020-08-17,19.02145152983932,South
2020-08-18,18.53741420713608,South
2020-08-19,18.0758475891344,South
2020-08-20,17.662088541849727,South
2020-08-21,17.344632514714426,South
2020-08-22,16.996451238293346,South
2020-08-23,16.791348734665682,South
2020-08-24,16.68117349375671,South
2020-08-25,16.39329625138157,South
2020-08-26,16.25560586185848,South
2020-08-27,16.1829200109362,South
2020-08-28,16.08111396106396,South
2020-08-29,16.68507147314367,South
2020-08-30,16.24081646947836,South
2020-08-31,16.167557386293282,South
2020-09-01,16.116310421999536,South
2020-09-02,16.131443753737294,South
2020-09-03,16.05428669116521,South
2020-09-04,15.63422208898982,South
2020-09-05,13.948575297017882,South
2020-09-06,13.756313196076814,South
2020-09-07,13.380846063946754,South
2020-09-08,13.537109178784377,South
2020-09-09,13.057887007088633,South
2020-09-10,13.118305687587103,South
2020-09-11,13.654621792657125,South
2020-09-12,14.552647455550163,South
2020-09-13,15.032557505961243,South
2020-09-14,15.082772652182006,South
2020-09-15,15.00825245801881,South
2020-09-16,15.121752446052014,South
2020-09-17,15.224934253354911,South
2020-09-18,15.249239301297395,South
2020-09-19,16.826201256243557,South
2020-09-20,16.387334635848514,South
2020-09-21,16.587621988468705,South
2020-09-22,17.073264361507764,South
2020-09-23,17.0505643639011,South
2020-09-24,16.796393178578263,South
2020-09-25,16.06620992223133,South
2020-09-26,14.342156568652234,South
2020-09-27,14.594034824923895,South
2020-09-28,14.362334344302552,South
2020-09-29,13.465684438840256,South
2020-09-30,14.084202050394929,South
2020-10-01,13.924270249075391,South
2020-10-02,14.389046967748742,South
2020-10-03,14.511260086176458,South
2020-10-04,14.708566631030116,South
2020-10-05,15.060760533290711,South
2020-10-06,15.540097351439025,South
2020-10-07,15.417884233011367,South
2020-10-08,15.46133523853117,South
2020-10-09,15.544568563088848,South
2020-10-10,15.792892779331195,South
2020-10-11,15.827630654456506,South
2020-10-12,16.159417488161623,South
2020-10-13,16.517343713050185,South
2020-10-14,16.529610883473953,South
2020-10-15,17.386019884088157,South
2020-10-16,17.455954220149028,South
2020-10-17,17.649248139163152,South
2020-10-18,17.599376932300043,South
2020-10-19,18.18705464811643,South
2020-10-20,19.129333841697065,South
2020-10-21,19.31723937744094,South
2020-10-22,19.44965603014635,South
2020-10-23,20.248053925765777,South
2020-10-24,20.59084681891656,South
2020-10-25,21.270814929042743,South
2020-10-26,20.7657973055213,South
2020-10-27,20.38356603269029,South
2020-10-28,20.46003521654701,South
2020-10-29,20.52263217964409,South
2020-10-30,20.618018028173,South
2020-10-31,21.55834823206022,South
2020-11-01,22.35766329930013,South
2020-11-02,23.35955864821137,South
2020-11-03,23.697651036807272,South
2020-11-04,24.49203630658709,South
2020-11-05,25.468136203672668,South
2020-11-06,26.111761388337744,South
2020-11-07,26.642574463684948,South
2020-11-08,27.164330469279985,South
2020-11-09,27.67141172894749,South
2020-11-10,29.441782249360298,South
2020-11-11,30.57781394776547,South
2020-11-12,31.53591435179926,South
2020-11-13,32.386476383333,South
2020-11-14,32.81926674174231,South
2020-11-15,34.458481720428,South
2020-11-16,37.43435968949649,South
2020-11-17,38.17142173299702,South
2020-11-18,39.13009536929366,South
2020-11-19,39.532733710680056,South
2020-11-20,40.545635119036966,South
2020-11-21,42.00909708595001,South
2020-11-22,41.89422134048601,South
2020-11-23,38.47924745811733,South
2020-11-24,38.62668279610792,South
2020-11-25,38.07993386385511,South
2020-11-26,37.172507191852304,South
2020-11-27,37.33519050803315,South
2020-11-28,38.567525226587605,South
2020-11-29,39.91909225580317,South
2020-11-30,42.87421921695864,South
2020-12-01,44.416328650326925,South
2020-12-02,46.245856740260045,South
2020-12-03,48.37461207137172,South
2020-12-04,48.95529635358195,South
2020-12-05,49.09241351084229,South
2020-12-06,49.69361950806054,South
2020-12-07,50.83985474074336,South
2020-12-08,51.16797288796669,South
2020-12-09,51.66702889595499,South
2020-12-10,52.42988639128123,South
2020-12-11,53.574516573628216,South
2020-12-12,53.8573493720908,South
2020-12-13,54.532043745399406,South
2020-12-14,55.84268199105139,South
2020-12-15,55.7069405912217,South
2020-12-16,53.74327615179479,South
2020-12-17,53.93439178821024,South
2020-12-18,73.6871730389221,South
2020-12-19,74.17086642226757,South
2020-12-20,77.1499544920078,South
2020-12-21,75.66081171972166,South
2020-12-22,70.08945271117472,South
2020-12-23,71.13032785395589,South
2020-12-24,69.24106896223962,South
2020-12-25,51.17187086735361,South
2020-12-26,52.24633742073471,South
2020-12-27,51.050230981188776,South
2020-12-28,52.86737725424558,South
2020-12-29,55.43293556960617,South
2020-12-30,61.44155614821244,South
2020-12-31,66.25108947950632,South
2021-01-01,64.58367147349131,South
2021-01-02,65.73391933201358,South
2021-01-03,67.02564091299362,South
2021-01-04,69.55290731319963,South
2021-01-05,74.81919211148751,South
2021-01-06,76.01185915745663,South
2021-01-07,76.117563186716,South
2021-01-08,76.33527680012484,South
2021-01-09,75.65244252868497,South
2021-01-10,73.93813412357339,South
2021-01-11,73.17814278956105,South
2021-01-12,74.08602804737411,South
2021-01-13,70.24995774475694,South
2021-01-14,68.8943780897019,South
2021-01-15,67.52962671844192,South
2021-01-16,64.10788869537217,South
2021-01-17,64.32972958107356,South
2021-01-18,62.25279444651846,South
2021-01-19,60.35516636376536,South
2021-01-20,58.82933672666042,South
2021-01-21,56.41729001127599,South
2021-01-22,55.95686985779989,South
2021-01-23,57.46871262769272,South
2021-01-24,55.17899367718849,South
2021-01-25,53.79578422706667,South
2021-01-26,52.152671268994055,South
2021-01-27,51.989414720550414,South
2021-01-28,51.68376727802868,South
2021-01-29,52.95829189112474,South
2021-01-30,51.5417203233083,South
2021-01-31,50.836300700714055,South
2021-02-01,49.42935943491266,South
2021-02-02,48.68461607909074,South
2021-02-03,45.94490980229318,South
2021-02-04,44.53452914291497,South
2021-02-05,41.16942646740928,South
2021-02-06,39.61183976294561,South
2021-02-07,37.57250866482978,South
2021-02-08,36.85172641759274,South
2021-02-09,34.99376600742496,South
2021-02-10,34.07957519472115,South
2021-02-11,33.26719043188952,South
2021-02-12,32.45113698257605,South
2021-02-13,30.18996499875905,South
2021-02-14,28.251408132442428,South
2021-02-15,25.24778572185465,South
2021-02-16,23.19859502881888,South
2021-02-17,22.254596138449823,South
2021-02-18,21.44966339503452,South
2021-02-19,20.988555362843044,South
2021-02-20,21.93931839391308,South
2021-02-21,22.568727418460835,South
2021-02-22,23.47535156529576,South
2021-02-23,23.771368705802622,South
2021-02-24,23.48933843250796,South
2021-02-25,23.104814230625774,South
2021-02-26,22.86004405441272,South
2021-02-27,22.115071405685693,South
2021-02-28,21.642040142428147,South
2021-03-01,21.04220990264055,South
2021-03-02,20.646335701955053,South
2021-03-03,19.62024995155388,South
2021-03-04,18.68851823160856,South
2021-03-05,18.455556640009146,South
2021-03-06,17.71482591002674,South
2021-03-07,16.912530035020342,South
2021-03-08,16.23474020749277,South
2021-03-09,15.947894783190668,South
2021-03-10,15.61335643462414,South
2021-03-11,15.39323524571124,South
2021-03-12,16.297681109947536,South
2021-03-13,16.29412706991819,South
2021-03-14,16.25629374057379,South
2021-03-15,16.069534669355512,South
2021-03-16,15.668616024757409,South
2021-03-17,15.435998372515623,South
2021-03-18,15.424304434354642,South
2021-03-19,14.722094912432024,South
2021-03-20,15.054340331947436,South
2021-03-21,14.997131752120586,South
2021-03-22,14.955515089841745,South
2021-03-23,15.283633237065024,South
2021-03-24,15.288219095167385,South
2021-03-25,15.45938624883764,South
2021-03-26,15.997995282958836,South
2021-03-27,15.436915544136124,South
2021-03-28,15.123013557030138,South
2021-03-29,15.824305907332288,South
2021-03-30,15.120147395716186,South
2021-03-31,14.838919647589435,South
2021-04-01,14.34490808351362,South
2021-04-02,14.614900479289576,South
2021-04-03,14.889822672525549,South
2021-04-04,15.224475667544658,South
2021-04-05,14.875262573050597,South
2021-04-06,15.479907963845635,South
2021-04-07,15.748180662833205,South
2021-04-08,16.10094779735665,South
2021-04-09,15.480710489013576,South
2021-04-10,16.147494257095502,South
2021-04-11,16.575698757402556,South
2021-04-12,16.416110895440713,South
2021-04-13,16.412442208958865,South
2021-04-14,16.815883075513284,South
2021-04-15,16.904390136888654,South
2021-04-16,17.13551738524716,South
2021-04-17,16.389742211352228,South
2021-04-18,16.095559414086377,South
2021-04-19,15.919577109408594,South
2021-04-20,15.615190777864996,South
2021-04-21,15.176209511017442,South
2021-04-22,14.750756525571733,South
2021-04-23,14.637715123348748,South
2021-04-24,14.245968194955395,South
2021-04-25,14.174314162106144,South
2021-04-26,13.98663791926739,South
2021-04-27,13.878182375146777,South
2021-04-28,13.710913200863503,South
2021-04-29,13.56668796354453,South
2021-04-30,13.221258201984895,South
2021-05-01,13.03518700948201,South
2021-05-02,12.426643639299916,South
2021-05-03,11.988120958262565,South
2021-05-04,11.567024538014126,South
2021-05-05,11.142259431283788,South
2021-05-06,10.95229025939387,South
2021-05-07,10.548849392839474,South
2021-05-08,10.328842850379164,South
2021-05-09,10.078340351538202,South
2021-05-10,9.971375211300854,South
2021-05-11,10.17086003875314,South
2021-05-12,10.161573676095884,South
2021-05-13,9.8630343136328,South
2021-05-14,9.711586349802632,South
2021-05-15,9.63007272203333,South
2021-05-16,9.30734295808034,South
2021-05-17,8.878679871963016,South
2021-05-18,7.991430975610545,South
2021-05-19,7.527456782105105,South
2021-05-20,7.4149886121449375,South
2021-05-21,7.32120781395183,South
2021-05-22,7.155887629362069,South
2021-05-23,6.874545234782794,South
2021-05-24,6.726880603887087,South
2021-05-25,6.645023036760103,South
2021-05-26,6.1167321833691926,South
2021-05-27,5.741494344144269,South
2021-05-28,4.791189898884446,South
2021-05-29,5.007642401315444,South
2021-05-30,4.8551626194122495,South
2021-05-31,4.76333081091266,South
2021-06-01,4.410449029936702,South
2021-06-02,4.478549022756631,South
2021-06-03,4.4839374060268895,South
2021-06-04,4.922689379969384,South
2021-06-05,4.317356110458965,South
2021-06-06,4.728248996429681,South
2021-06-07,4.323890958254813,South
2021-06-08,4.690530313537823,South
2020-01-26,0.0009116919230492,West
2020-01-27,0.0009116919230492,West
2020-01-28,0.0009116919230492,West
2020-01-29,0.0009116919230492,West
2020-01-30,0.0003646767692196,West
2020-01-31,0.0005470151538295,West
2020-02-01,0.0005470151538295,West
2020-02-02,0.0003646767692196,West
2020-02-03,0.0003646767692196,West
2020-02-04,0.0003646767692196,West
2020-02-05,0.0003646767692196,West
2020-02-06,0.0003646767692196,West
2020-02-07,0.0,West
2020-02-08,0.0001823383846098,West
2020-02-09,0.0001823383846098,West
2020-02-10,0.0003646767692196,West
2020-02-11,0.0003646767692196,West
2020-02-12,0.0003646767692196,West
2020-02-13,0.0003646767692196,West
2020-02-14,0.0003646767692196,West
2020-02-15,0.0003646767692196,West
2020-02-16,0.0003646767692196,West
2020-02-17,0.0001823383846098,West
2020-02-18,0.0007293535384393,West
2020-02-19,0.0007293535384393,West
2020-02-20,0.0007293535384393,West
2020-02-21,0.0009116919230492,West
2020-02-22,0.0007293535384393,West
2020-02-23,0.001094030307659,West
2020-02-24,0.0012763686922688,West
2020-02-25,0.001094030307659,West
2020-02-26,0.0030997525383672,West
2020-02-27,0.0038291060768066,West
2020-02-28,0.0067465202305641,West
2020-02-29,0.009116919230492,West
2020-03-01,0.0134930404611282,West
2020-03-02,0.021698267768571,West
2020-03-03,0.0268037425376466,West
2020-03-04,0.0346442930758697,West
2020-03-05,0.0415731516910437,West
2020-03-06,0.0592599749981982,West
2020-03-07,0.0820522730744284,West
2020-03-08,0.0995567579969732,West
2020-03-09,0.1183376116117868,West
2020-03-10,0.1600931016874403,West
2020-03-11,0.1967431169940183,West
2020-03-12,0.2295640262237896,West
2020-03-13,0.2627496122227807,West
2020-03-14,0.3212802336825395,West
2020-03-15,0.3564715419122387,West
2020-03-16,0.441441229140425,West
2020-03-17,0.5216701183687553,West
2020-03-18,0.6075514975199906,West
2020-03-19,0.7063789019785244,West
2020-03-20,0.8617312056661092,West
2020-03-21,0.993561857739024,West
2020-03-22,1.1602191412724177,West
2020-03-23,1.436826470725545,West
2020-03-24,1.731120623485829,West
2020-03-25,1.980377195247481,West
2020-03-26,2.1541456757806583,West
2020-03-27,2.422365439541734,West
2020-03-28,2.657764294073038,West
2020-03-29,2.927807441680213,West
2020-03-30,3.045598038138169,West
2020-03-31,3.1573714679040057,West
2020-04-01,3.2968603321305388,West
2020-04-02,3.526424358354327,West
2020-04-03,3.4755519490481825,West
2020-04-04,3.478287024817326,West
2020-04-05,3.5038143986627044,West
2020-04-06,3.5421054594307746,West
2020-04-07,3.4653409995100275,West
2020-04-08,3.363231504128521,West
2020-04-09,3.1730525689804527,West
2020-04-10,3.098111492905808,West
2020-04-11,3.027364199677188,West
2020-04-12,2.8955335476042743,West
2020-04-13,3.098476169675028,West
2020-04-14,3.125644588981893,West
2020-04-15,3.2257483621326988,West
2020-04-16,3.214078705517668,West
2020-04-17,3.512566641123977,West
2020-04-18,3.681776662041917,West
2020-04-19,3.9089702892657807,West
2020-04-20,3.778051329115916,West
2020-04-21,3.9959456987246713,West
2020-04-22,4.036971835261887,West
2020-04-23,4.13525222456659,West
2020-04-24,3.977894198648297,West
2020-04-25,3.879249132574375,West
2020-04-26,3.9950340068016215,West
2020-04-27,3.984276042109642,West
2020-04-28,3.901312077112164,West
2020-04-29,3.965312850110217,West
2020-04-30,3.995763360340063,West
2020-05-01,3.969506632956244,West
2020-05-02,4.244108240178664,West
2020-05-03,4.181748512642097,West
2020-05-04,4.179378113642172,West
2020-05-05,4.267629891793338,West
2020-05-06,4.413500599481211,West
2020-05-07,4.351870225483084,West
2020-05-08,4.358069730559821,West
2020-05-09,4.167526118642534,West
2020-05-10,4.157315169104385,West
2020-05-11,4.172813931796222,West
2020-05-12,4.138351977104965,West
2020-05-13,3.986828779494183,West
2020-05-14,4.023843471569981,West
2020-05-15,4.113371618413413,West
2020-05-16,4.233532613871294,West
2020-05-17,4.205634841025987,West
2020-05-18,4.283675669639,West
2020-05-19,4.279117210023757,West
2020-05-20,4.323607775868561,West
2020-05-21,4.393078700404909,West
2020-05-22,4.467472761325718,West
2020-05-23,4.577969822399286,West
2020-05-24,4.5571832465537625,West
2020-05-25,4.573046686014818,West
2020-05-26,4.780912444470038,West
2020-05-27,5.113132981229166,West
2020-05-28,5.39593981575903,West
2020-05-29,5.488567715140828,West
2020-05-30,5.504248816217274,West
2020-05-31,5.715396665595473,West
2020-06-01,5.941678600896284,West
2020-06-02,6.239254844579546,West
2020-06-03,6.242172258733296,West
2020-06-04,6.317113334807949,West
2020-06-05,6.449855678803914,West
2020-06-06,6.5351900428013145,West
2020-06-07,6.723363255718655,West
2020-06-08,6.940710610173592,West
2020-06-09,7.020574822632697,West
2020-06-10,7.206742313319348,West
2020-06-11,7.256520692317837,West
2020-06-12,7.260532136779261,West
2020-06-13,7.801530123916659,West
2020-06-14,8.168030276982432,West
2020-06-15,8.505173950126036,West
2020-06-16,8.882979083037622,West
2020-06-17,9.362529034561502,West
2020-06-18,9.82293345570135,West
2020-06-19,10.892165743053456,West
2020-06-20,11.676950150414212,West
2020-06-21,11.880804464408008,West
2020-06-22,12.331544951163533,West
2020-06-23,12.845192180609438,West
2020-06-24,13.095360444294144,West
2020-06-25,13.60499622927863,West
2020-06-26,13.78514655327318,West
2020-06-27,14.463445344021777,West
2020-06-28,15.487093035221422,West
2020-06-29,16.432152882654208,West
2020-06-30,16.534991731574177,West
2020-07-01,16.029185052666485,West
2020-07-02,16.013139274820805,West
2020-07-03,18.204664319446483,West
2020-07-04,18.525397537975213,West
2020-07-05,18.584292836204185,West
2020-07-06,18.74857972073767,West
2020-07-07,20.05612827677485,West
2020-07-08,21.11642598328104,West
2020-07-09,21.52668734865319,West
2020-07-10,19.863031927473006,West
2020-07-11,20.305020171767264,West
2020-07-12,20.520544142376096,West
2020-07-13,20.78639350713724,West
2020-07-14,20.217680085539143,West
2020-07-15,20.762689517137964,West
2020-07-16,20.74536737060002,West
2020-07-17,21.284541973891336,West
2020-07-18,20.979125179669857,West
2020-07-19,21.48675524242366,West
2020-07-20,21.15726978143364,West
2020-07-21,21.336508413505136,West
2020-07-22,21.37242907527328,West
2020-07-23,20.99754135651544,West
2020-07-24,20.759407426214977,West
2020-07-25,20.48754089476171,West
2020-07-26,20.44724411176293,West
2020-07-27,20.43083365714805,West
2020-07-28,19.91299264485609,West
2020-07-29,19.53318178971381,West
2020-07-30,19.33352125856601,West
2020-07-31,18.805651635120537,West
2020-08-01,17.709980281999997,West
2020-08-02,16.390762069347804,West
2020-08-03,15.883861360132444,West
2020-08-04,15.827154122518792,West
2020-08-05,15.022859508004764,West
2020-08-06,15.355991736686962,West
2020-08-07,15.591755267987471,West
2020-08-08,16.87140605117934,West
2020-08-09,17.19888578993861,West
2020-08-10,17.128685511863843,West
2020-08-11,17.40675154839383,West
2020-08-12,17.575961569311758,West
2020-08-13,16.98573221832969,West
2020-08-14,16.732828878875875,West
2020-08-15,15.264640205997411,West
2020-08-16,14.747163870474695,West
2020-08-17,14.14471784772378,West
2020-08-18,13.48866433989757,West
2020-08-19,13.010937772219792,West
2020-08-20,12.716096604305676,West
2020-08-21,12.204272758705882,West
2020-08-22,12.176557324245175,West
2020-08-23,11.818080060102234,West
2020-08-24,11.661451387722378,West
2020-08-25,10.986070011127524,West
2020-08-26,10.913864010822024,West
2020-08-27,10.683388292675188,West
2020-08-28,10.66059599459896,West
2020-08-29,10.127073881230562,West
2020-08-30,10.248146568611498,West
2020-08-31,10.03298727477189,West
2020-09-01,10.229912730150522,West
2020-09-02,10.059608678924931,West
2020-09-03,10.034810658617983,West
2020-09-04,9.088656780877516,West
2020-09-05,8.70902826411983,West
2020-09-06,8.397776641590841,West
2020-09-07,7.935184159835677,West
2020-09-08,7.776185088455882,West
2020-09-09,7.6534713556134655,West
2020-09-10,7.785119669301774,West
2020-09-11,8.216714625673262,West
2020-09-12,8.419657247744023,West
2020-09-13,8.325570641285335,West
2020-09-14,9.03833138672521,West
2020-09-15,9.239085948180646,West
2020-09-16,9.580423404170258,West
2020-09-17,9.569483101093669,West
2020-09-18,9.754921238241886,West
2020-09-19,9.886022536776368,West
2020-09-20,9.986308648311775,West
2020-09-21,9.872711834699835,West
2020-09-22,9.90881483485258,West
2020-09-23,9.250026251257225,West
2020-09-24,9.937624299620945,West
2020-09-25,9.759479697857127,West
2020-09-26,9.818739672855322,West
2020-09-27,9.917202400544657,West
2020-09-28,9.945100173389951,West
2020-09-29,9.784642394933282,West
2020-09-30,10.452730236143742,West
2020-10-01,10.031528567695007,West
2020-10-02,10.21149655330492,West
2020-10-03,10.340045114454862,West
2020-10-04,10.755229616211473,West
2020-10-05,11.098025779277975,West
2020-10-06,11.422041088729658,West
2020-10-07,11.600185690493475,West
2020-10-08,11.51138689718848,West
2020-10-09,11.625530725954244,West
2020-10-10,12.273743683242218,West
2020-10-11,12.389710895854076,West
2020-10-12,12.472492522466954,West
2020-10-13,12.610887356385806,West
2020-10-14,12.54214578538791,West
2020-10-15,12.7979665389955,West
2020-10-16,13.274781414750246,West
2020-10-17,13.389836935439057,West
2020-10-18,13.576551441279548,West
2020-10-19,14.38102839417814,West
2020-10-20,15.074278932464772,West
2020-10-21,15.556746298142418,West
2020-10-22,16.530250933574347,West
2020-10-23,17.030952137712987,West
2020-10-24,17.252310936629314,West
2020-10-25,17.315400017704334,West
2020-10-26,17.343297790549634,West
2020-10-27,17.848375115918873,West
2020-10-28,17.883566424148608,West
2020-10-29,18.53797888651331,West
2020-10-30,18.80711034219743,West
2020-10-31,19.738859487553707,West
2020-11-01,20.87683334590376,West
2020-11-02,21.921267612948903,West
2020-11-03,23.019491703453983,West
2020-11-04,25.12969382854367,West
2020-11-05,25.47923651184073,West
2020-11-06,26.450006071503505,West
2020-11-07,28.26682573575597,West
2020-11-08,28.660676646513227,West
2020-11-09,30.658375988298648,West
2020-11-10,32.13859899456133,West
2020-11-11,33.501943096289125,West
2020-11-12,34.78925209163461,West
2020-11-13,36.3881773862783,West
2020-11-14,37.238968288867845,West
2020-11-15,39.532420490490416,West
2020-11-16,41.559476312198,West
2020-11-17,41.88112122264978,West
2020-11-18,43.50156244667741,West
2020-11-19,43.238083480916224,West
2020-11-20,46.31869048889949,West
2020-11-21,48.10305392069138,West
2020-11-22,48.64532827652109,West
2020-11-23,44.46430911741742,West
2020-11-24,46.01290901790875,West
2020-11-25,45.640574036535455,West
2020-11-26,46.14455733159715,West
2020-11-27,44.43130586980294,West
2020-11-28,45.18144598408792,West
2020-11-29,46.18084267013444,West
2020-11-30,51.33956024751608,West
2020-12-01,52.38089476202286,West
2020-12-02,55.5723635078489,West
2020-12-03,58.09519739731063,West
2020-12-04,61.75928723604542,West
2020-12-05,64.58079139949798,West
2020-12-06,67.7837474635545,West
2020-12-07,68.92299769059682,West
2020-12-08,71.98026538535011,West
2020-12-09,71.72973244489619,West
2020-12-10,71.90733003150613,West
2020-12-11,73.57517923553243,West
2020-12-12,72.05830621396301,West
2020-12-13,73.78669176167965,West
2020-12-14,77.44877587818384,West
2020-12-15,79.54293222542773,West
2020-12-16,82.24208733280723,West
2020-12-17,81.72552268920761,West
2020-12-18,82.00012429643,West
2020-12-19,80.35032659248016,West
2020-12-20,77.82585165755688,West
2020-12-21,73.91779306021422,West
2020-12-22,65.29574020555333,West
2020-12-23,59.2001680080463,West
2020-12-24,59.71892071226132,West
2020-12-25,66.92894511650356,West
2020-12-26,66.5556984432073,West
2020-12-27,66.51376061474699,West
2020-12-28,67.79796985755412,West
2020-12-29,74.19713546543649,West
2020-12-30,81.31325560160484,West
2020-12-31,88.11465968593649,West
2021-01-01,77.08738119988718,West
2021-01-02,79.47546702312214,West
2021-01-03,80.32753429440395,West
2021-01-04,80.70643345762325,West
2021-01-05,83.18058299839414,West
2021-01-06,83.3654741203885,West
2021-01-07,81.63945897167174,West
2021-01-08,85.47585858386284,West
2021-01-09,84.91990884918734,West
2021-01-10,83.7385384553003,West
2021-01-11,85.18776393617924,West
2021-01-12,82.11335643327268,West
2021-01-13,79.22858085036049,West
2021-01-14,76.8160616835877,West
2021-01-15,72.71435972178934,West
2021-01-16,71.16411877583637,West
2021-01-17,67.75548501394,West
2021-01-18,62.74245580586173,West
2021-01-19,59.34020388742669,West
2021-01-20,55.61138392215537,West
2021-01-21,52.12379763972296,West
2021-01-22,50.98947054906523,West
2021-01-23,48.58661531667661,West
2021-01-24,48.27025821937861,West
2021-01-25,45.78535071391575,West
2021-01-26,44.48272529426298,West
2021-01-27,43.05647444984484,West
2021-01-28,41.396101119587605,West
2021-01-29,38.95440781127722,West
2021-01-30,37.157645369331895,West
2021-01-31,35.20607763885269,West
2021-02-01,33.88065992112378,West
2021-02-02,32.66592160285304,West
2021-02-03,30.6736924126059,West
2021-02-04,29.21571468926563,West
2021-02-05,28.149764492836493,West
2021-02-06,27.55935280346978,West
2021-02-07,26.56250885480783,West
2021-02-08,25.73286920483301,West
2021-02-09,24.005213010654785,West
2021-02-10,23.24322090137025,West
2021-02-11,21.8561728096432,West
2021-02-12,19.893847114472088,West
2021-02-13,19.10085747980388,West
2021-02-14,18.022872949990504,West
2021-02-15,16.957105091945976,West
2021-02-16,16.150440078432048,West
2021-02-17,15.52666046468177,West
2021-02-18,15.188058084461296,West
2021-02-19,15.072820225387884,West
2021-02-20,14.028932973496552,West
2021-02-21,14.093845438417652,West
2021-02-22,13.85097071011735,West
2021-02-23,13.132010459600735,West
2021-02-24,13.975507826805863,West
2021-02-25,13.48793498635916,West
2021-02-26,18.826073534196865,West
2021-02-27,18.74475061466088,West
2021-02-28,18.58228711397349,West
2021-03-01,18.19281232444688,West
2021-03-02,17.98421721245321,West
2021-03-03,15.71337497052224,West
2021-03-04,15.512620409066802,West
2021-03-05,10.04228653238699,West
2021-03-06,10.059973355694138,West
2021-03-07,9.770784677702926,West
2021-03-08,9.59209306078529,West
2021-03-09,9.628013722553431,West
2021-03-10,9.658464232783274,West
2021-03-11,9.008245553264588,West
2021-03-12,9.039243078648244,West
2021-03-13,8.76518848657966,West
2021-03-14,8.551852576586148,West
2021-03-15,8.42129829320552,West
2021-03-16,7.767615184379221,West
2021-03-17,7.400385677775002,West
2021-03-18,7.8693600029915185,West
2021-03-19,7.495201637772133,West
2021-03-20,7.626120597921989,West
2021-03-21,7.776732103609722,West
2021-03-22,7.709266901304083,West
2021-03-23,7.792960219839996,West
2021-03-24,8.204497953904408,West
2021-03-25,7.385798607006216,West
2021-03-26,7.064518373323683,West
2021-03-27,6.695100806104145,West
2021-03-28,6.537378103416629,West
2021-03-29,7.544068324847564,West
2021-03-30,7.855502285761179,West
2021-03-31,8.650862319429304,West
2021-04-01,8.694988208504883,West
2021-04-02,9.91319095608322,West
2021-04-03,11.140328284507447,West
2021-04-04,11.440274927190638,West
2021-04-05,10.965283435282004,West
2021-04-06,11.42568785642185,West
2021-04-07,11.357675638962371,West
2021-04-08,11.47455454349728,West
2021-04-09,12.068795338940769,West
2021-04-10,11.33141891157856,West
2021-04-11,11.536367255880034,West
2021-04-12,11.299145017502635,West
2021-04-13,11.15637406235312,West
2021-04-14,10.739730853519635,West
2021-04-15,11.172966855352612,West
2021-04-16,10.27659135661063,West
2021-04-17,10.419909326913974,West
2021-04-18,10.270756528303126,West
2021-04-19,10.61956985806175,West
2021-04-20,10.44999516037461,West
2021-04-21,10.545175797140931,West
2021-04-22,10.305765498148224,West
2021-04-23,10.579637751832184,West
2021-04-24,10.47825760998912,West
2021-04-25,10.280967477841267,West
2021-04-26,10.16737066422934,West
2021-04-27,10.03426364346416,West
2021-04-28,9.989043724080917,West
2021-04-29,10.061979077924857,West
2021-04-30,9.813087182932422,West
2021-05-01,9.898786223699046,West
2021-05-02,9.893863087314584,West
2021-05-03,9.511317156403134,West
2021-05-04,9.564742303093825,West
2021-05-05,9.408660645867796,West
2021-05-06,9.325149665716488,West
2021-05-07,9.112360770876798,West
2021-05-08,8.744948925887979,West
2021-05-09,8.63828097089122,West
2021-05-10,8.625699622353142,West
2021-05-11,8.698452637812464,West
2021-05-12,8.43351496497437,West
2021-05-13,8.334505222131224,West
2021-05-14,7.865713235299315,West
2021-05-15,7.45782226892711,West
2021-05-16,7.145841292859663,West
2021-05-17,7.050113640939504,West
2021-05-18,6.533001982186001,West
2021-05-19,6.181635915042833,West
2021-05-20,6.061474919584948,West
2021-05-21,6.14480356135164,West
2021-05-22,6.373091218883161,West
2021-05-23,6.504192517417636,West
2021-05-24,6.384578537113578,West
2021-05-25,7.321797834008165,West
2021-05-26,7.391815773698338,West
2021-05-27,7.423542652620454,West
2021-05-28,6.298514819577744,West
2021-05-29,6.291950637731787,West
2021-05-30,5.9626475151264176,West
2021-05-31,5.648296140059054,West
2021-06-01,4.395266761020215,West
2021-06-02,4.50485213017073,West
2021-06-03,4.340018230483435,West
2021-06-04,5.096357849845059,West
2021-06-05,4.871534621621123,West
2021-06-06,4.88940378331289,West
2021-06-07,4.8117276314691,West
2021-06-08,4.787111949546771,West
