sampling_week,normalized_concentration_rolling_average,population,region,state,county_fips_code,county_name
2020-05-13,124.21902326758509,200000-500000,Midwest,IN,18089,Lake
2020-05-20,86.28577070219619,200000-500000,Midwest,IN,18089,Lake
2020-05-27,66.98129239588337,200000-500000,Midwest,IN,18089,Lake
2020-06-03,21.67541103662137,200000-500000,Midwest,IN,18089,Lake
2020-06-17,43.899842994950745,200000-500000,Midwest,IN,18089,Lake
2020-06-24,65.62315729706513,100000-200000,Midwest,IN,18089,Lake
2020-07-08,145.25510302313606,200000-500000,Midwest,IN,18089,Lake
2020-07-15,160.47648470165157,200000-500000,Midwest,IN,18089,Lake
2020-07-22,172.7952434053395,200000-500000,Midwest,IN,18089,Lake
2020-07-29,140.40634774816576,200000-500000,Midwest,IN,18089,Lake
2020-08-05,169.60486937092,200000-500000,Midwest,IN,18089,Lake
2020-08-12,168.20749027961403,200000-500000,Midwest,IN,18089,Lake
2020-08-19,202.03168923573676,200000-500000,Midwest,IN,18089,Lake
2020-08-26,204.0496713709657,200000-500000,Midwest,IN,18089,Lake
2020-09-02,171.5746801825642,200000-500000,Midwest,IN,18089,Lake
2020-09-09,122.22355005018105,200000-500000,Midwest,IN,18089,Lake
2020-09-16,115.2070638178118,200000-500000,Midwest,IN,18089,Lake
2020-09-23,138.75863381000644,200000-500000,Midwest,IN,18089,Lake
2020-09-30,167.4434845103525,200000-500000,Midwest,IN,18089,Lake
2020-10-07,176.86592022781568,200000-500000,Midwest,IN,18089,Lake
2020-10-14,329.92174413291747,200000-500000,Midwest,IN,18089,Lake
2020-10-21,408.9598480440238,200000-500000,Midwest,IN,18089,Lake
2020-10-28,733.2615070560406,200000-500000,Midwest,IN,18089,Lake
2020-11-04,871.8190011145716,200000-500000,Midwest,IN,18089,Lake
2020-11-11,1267.6685126541165,200000-500000,Midwest,IN,18089,Lake
2020-11-18,1148.4349900515092,200000-500000,Midwest,IN,18089,Lake
2020-11-25,996.3695064386858,200000-500000,Midwest,IN,18089,Lake
2020-12-09,729.443986802678,100000-200000,Midwest,IN,18089,Lake
2020-12-16,875.5882968995487,100000-200000,Midwest,IN,18089,Lake
2020-12-23,778.1864763122645,100000-200000,Midwest,IN,18089,Lake
2021-01-20,726.5463732762499,100000-200000,Midwest,IN,18089,Lake
2021-01-27,427.16947213746175,100000-200000,Midwest,IN,18089,Lake
2021-02-03,371.3694263402948,100000-200000,Midwest,IN,18089,Lake
2021-02-10,199.6018895417152,100000-200000,Midwest,IN,18089,Lake
2021-02-17,103.92659418678954,100000-200000,Midwest,IN,18089,Lake
2021-02-24,112.83216381245028,100000-200000,Midwest,IN,18089,Lake
2021-03-03,88.1757349645278,100000-200000,Midwest,IN,18089,Lake
2021-03-10,95.8661871166751,100000-200000,Midwest,IN,18089,Lake
2021-03-17,83.29113526128451,100000-200000,Midwest,IN,18089,Lake
2021-03-24,100.04949312763092,100000-200000,Midwest,IN,18089,Lake
2021-03-31,126.3881288950222,100000-200000,Midwest,IN,18089,Lake
2021-04-07,175.41749509102632,100000-200000,Midwest,IN,18089,Lake
2021-04-14,201.2137162140536,20000-50000,Midwest,IN,18089,Lake
2021-04-21,205.41099517620265,100000-200000,Midwest,IN,18089,Lake
2021-04-28,172.5527052820768,100000-200000,Midwest,IN,18089,Lake
2021-05-05,154.5968113317707,100000-200000,Midwest,IN,18089,Lake
2021-05-12,133.1885868935655,100000-200000,Midwest,IN,18089,Lake
2021-05-19,100.63210414443397,100000-200000,Midwest,IN,18089,Lake
2021-06-02,81.17154995830478,100000-200000,Midwest,IN,18089,Lake
2020-04-29,109.12895679993392,100000-200000,Midwest,IL,17143,Peoria
2020-05-13,103.28075611599432,100000-200000,Midwest,IL,17143,Peoria
2020-05-20,38.91499277857606,100000-200000,Midwest,IL,17143,Peoria
2020-05-27,70.7165962993656,100000-200000,Midwest,IL,17143,Peoria
2020-06-03,112.06537183724366,100000-200000,Midwest,IL,17143,Peoria
2020-06-10,151.5133706283945,100000-200000,Midwest,IL,17143,Peoria
2020-06-17,126.43859107828136,100000-200000,Midwest,IL,17143,Peoria
2020-06-24,82.05851142716186,100000-200000,Midwest,IL,17143,Peoria
2020-07-01,55.78194999783656,100000-200000,Midwest,IL,17143,Peoria
2020-07-08,52.838632270667965,100000-200000,Midwest,IL,17143,Peoria
2020-07-15,63.95069702621593,100000-200000,Midwest,IL,17143,Peoria
2020-07-22,70.12638447843051,100000-200000,Midwest,IL,17143,Peoria
2020-07-29,160.63750647614734,100000-200000,Midwest,IL,17143,Peoria
2020-08-05,218.84838402189243,100000-200000,Midwest,IL,17143,Peoria
2020-08-12,272.15287384349983,100000-200000,Midwest,IL,17143,Peoria
2020-08-19,202.36073091223787,100000-200000,Midwest,IL,17143,Peoria
2020-08-26,150.39148508110412,100000-200000,Midwest,IL,17143,Peoria
2020-09-02,174.97720696652,100000-200000,Midwest,IL,17143,Peoria
2020-09-09,192.40381403850736,100000-200000,Midwest,IL,17143,Peoria
2020-09-16,183.92400183423345,100000-200000,Midwest,IL,17143,Peoria
2020-09-23,112.10430799497868,100000-200000,Midwest,IL,17143,Peoria
2020-09-30,125.60316411938936,100000-200000,Midwest,IL,17143,Peoria
2020-10-07,187.51907462337712,100000-200000,Midwest,IL,17143,Peoria
2020-10-14,212.2560198053617,100000-200000,Midwest,IL,17143,Peoria
2020-10-21,444.1924312901301,100000-200000,Midwest,IL,17143,Peoria
2020-10-28,492.67799804065424,100000-200000,Midwest,IL,17143,Peoria
2020-11-04,656.0576400160222,100000-200000,Midwest,IL,17143,Peoria
2020-11-11,755.057057592877,100000-200000,Midwest,IL,17143,Peoria
2020-11-18,1117.708610155098,100000-200000,Midwest,IL,17143,Peoria
2020-11-25,1146.7199303495183,100000-200000,Midwest,IL,17143,Peoria
2020-12-02,1221.5131721966743,100000-200000,Midwest,IL,17143,Peoria
2020-12-16,1064.000363453114,100000-200000,Midwest,IL,17143,Peoria
2020-12-23,1208.5098870558595,100000-200000,Midwest,IL,17143,Peoria
2020-12-30,1133.9097928517456,100000-200000,Midwest,IL,17143,Peoria
2021-01-06,1172.9983100648362,100000-200000,Midwest,IL,17143,Peoria
2020-05-20,195.2196599291952,1000000-2000000,Midwest,MN,27053,Ramsey
2020-05-27,160.848303708812,1000000-2000000,Midwest,MN,27053,Ramsey
2020-06-03,210.4920447281153,1000000-2000000,Midwest,MN,27053,Ramsey
2020-06-10,201.22441933579384,1000000-2000000,Midwest,MN,27053,Ramsey
2020-06-17,189.58122485207332,1000000-2000000,Midwest,MN,27053,Ramsey
2020-06-24,118.32016370625252,1000000-2000000,Midwest,MN,27053,Ramsey
2020-07-01,99.59101100565812,1000000-2000000,Midwest,MN,27053,Ramsey
2020-07-15,152.16365500790633,1000000-2000000,Midwest,MN,27053,Ramsey
2020-07-22,182.63173487657585,1000000-2000000,Midwest,MN,27053,Ramsey
2020-08-05,153.8942668453603,1000000-2000000,Midwest,MN,27053,Ramsey
2020-08-12,113.09340785200877,1000000-2000000,Midwest,MN,27053,Ramsey
2020-08-19,83.53865949218546,1000000-2000000,Midwest,MN,27053,Ramsey
2020-08-26,85.3493800514305,1000000-2000000,Midwest,MN,27053,Ramsey
2020-09-02,82.40468429652783,1000000-2000000,Midwest,MN,27053,Ramsey
2020-09-09,80.38324596366937,1000000-2000000,Midwest,MN,27053,Ramsey
2020-09-16,79.50999876086996,1000000-2000000,Midwest,MN,27053,Ramsey
2020-09-23,80.66328817755601,1000000-2000000,Midwest,MN,27053,Ramsey
2020-09-30,87.02971339822653,1000000-2000000,Midwest,MN,27053,Ramsey
2020-10-07,131.4955368921734,1000000-2000000,Midwest,MN,27053,Ramsey
2020-10-14,215.23293917713627,1000000-2000000,Midwest,MN,27053,Ramsey
2020-10-21,299.13212713732395,1000000-2000000,Midwest,MN,27053,Ramsey
2020-10-28,365.0336346866859,1000000-2000000,Midwest,MN,27053,Ramsey
2020-11-04,514.298362303701,1000000-2000000,Midwest,MN,27053,Ramsey
2020-11-11,679.2998098312615,1000000-2000000,Midwest,MN,27053,Ramsey
2020-11-18,782.5733618128789,1000000-2000000,Midwest,MN,27053,Ramsey
2020-11-25,768.241796627599,1000000-2000000,Midwest,MN,27053,Ramsey
2020-12-02,680.9833649944818,1000000-2000000,Midwest,MN,27053,Ramsey
2020-12-09,670.9769325728856,1000000-2000000,Midwest,MN,27053,Ramsey
2020-12-16,533.2284954781167,1000000-2000000,Midwest,MN,27053,Ramsey
2020-12-30,512.4022239687808,1000000-2000000,Midwest,MN,27053,Ramsey
2020-05-06,112.50461094953693,10000-20000,Midwest,IN,18151,Steuben
2020-05-13,86.13934475180106,10000-20000,Midwest,IN,18151,Steuben
2020-05-20,82.8525485954106,10000-20000,Midwest,IN,18151,Steuben
2020-05-27,20.40596601730262,10000-20000,Midwest,IN,18151,Steuben
2020-06-03,19.166673756130795,10000-20000,Midwest,IN,18151,Steuben
2020-06-10,18.55839901458779,10000-20000,Midwest,IN,18151,Steuben
2020-06-17,27.905469024030463,10000-20000,Midwest,IN,18151,Steuben
2020-07-01,31.326022816105542,10000-20000,Midwest,IN,18151,Steuben
2020-07-08,39.58716038393848,10000-20000,Midwest,IN,18151,Steuben
2020-07-15,42.446651731585966,10000-20000,Midwest,IN,18151,Steuben
2020-07-22,38.73762046479214,10000-20000,Midwest,IN,18151,Steuben
2020-07-29,74.57734041541723,10000-20000,Midwest,IN,18151,Steuben
2020-08-05,115.01875585210706,10000-20000,Midwest,IN,18151,Steuben
2020-08-12,123.74969256307952,10000-20000,Midwest,IN,18151,Steuben
2020-08-19,326.7522032674791,10000-20000,Midwest,IN,18151,Steuben
2020-08-26,287.3852829208236,10000-20000,Midwest,IN,18151,Steuben
2020-09-02,285.7013873275667,10000-20000,Midwest,IN,18151,Steuben
2020-09-09,34.04686243501471,10000-20000,Midwest,IN,18151,Steuben
2020-09-16,36.06121748858029,10000-20000,Midwest,IN,18151,Steuben
2020-09-23,19.40567532131223,10000-20000,Midwest,IN,18151,Steuben
2020-09-30,35.98979646728123,<2000,Midwest,IN,18151,Steuben
2020-10-07,42.39655869827695,10000-20000,Midwest,IN,18151,Steuben
2020-10-14,75.04845948779565,10000-20000,Midwest,IN,18151,Steuben
2020-10-21,343.01205754569423,10000-20000,Midwest,IN,18151,Steuben
2020-10-28,549.1733814969725,10000-20000,Midwest,IN,18151,Steuben
2020-11-04,758.153397982352,10000-20000,Midwest,IN,18151,Steuben
2020-11-11,735.8900724796872,10000-20000,Midwest,IN,18151,Steuben
2020-11-18,732.6438733942549,10000-20000,Midwest,IN,18151,Steuben
2020-11-25,746.5647979197905,10000-20000,Midwest,IN,18151,Steuben
2020-12-02,674.2056129748604,10000-20000,Midwest,IN,18151,Steuben
2020-12-09,689.8429643121754,10000-20000,Midwest,IN,18151,Steuben
2020-12-16,651.4351837676124,10000-20000,Midwest,IN,18151,Steuben
2020-07-08,23.26506683074468,50000-100000,Northeast,MA,25003,Berkshire
2020-07-15,15.510044553829786,50000-100000,Northeast,MA,25003,Berkshire
2020-08-05,5.836566248587022,50000-100000,Northeast,MA,25003,Berkshire
2020-08-12,0.0,50000-100000,Northeast,MA,25003,Berkshire
2020-08-26,0.0,50000-100000,Northeast,MA,25003,Berkshire
2020-09-02,0.0,50000-100000,Northeast,MA,25003,Berkshire
2020-10-21,20.765534719212027,50000-100000,Northeast,MA,25003,Berkshire
2020-11-04,226.3683456101436,50000-100000,Northeast,MA,25003,Berkshire
2020-12-09,307.1370507679651,50000-100000,Northeast,MA,25003,Berkshire
2020-12-16,419.3933788353602,50000-100000,Northeast,MA,25003,Berkshire
2020-12-23,420.0422636875104,50000-100000,Northeast,MA,25003,Berkshire
2020-12-30,805.9500963693699,50000-100000,Northeast,MA,25003,Berkshire
2021-01-06,946.6682020100052,50000-100000,Northeast,MA,25003,Berkshire
2021-01-13,832.9258930668367,50000-100000,Northeast,MA,25003,Berkshire
2021-01-20,406.299685337525,50000-100000,Northeast,MA,25003,Berkshire
2021-01-27,147.43210816729814,50000-100000,Northeast,MA,25003,Berkshire
2021-02-10,66.85816282633604,50000-100000,Northeast,MA,25003,Berkshire
2021-02-24,132.75511786627155,50000-100000,Northeast,MA,25003,Berkshire
2021-03-17,170.36924376600516,50000-100000,Northeast,MA,25003,Berkshire
2021-03-24,195.1371531871458,50000-100000,Northeast,MA,25003,Berkshire
2021-03-31,196.73626133911867,50000-100000,Northeast,MA,25003,Berkshire
2021-04-07,181.7964973209293,50000-100000,Northeast,MA,25003,Berkshire
2021-04-14,164.59228709798708,50000-100000,Northeast,MA,25003,Berkshire
2021-04-21,67.77865762046636,50000-100000,Northeast,MA,25003,Berkshire
2021-04-28,48.9274301458501,50000-100000,Northeast,MA,25003,Berkshire
2021-05-05,33.389947490629126,50000-100000,Northeast,MA,25003,Berkshire
2021-05-12,38.75351880867829,50000-100000,Northeast,MA,25003,Berkshire
2021-05-19,22.264047959999804,50000-100000,Northeast,MA,25003,Berkshire
2021-05-26,25.235580460866107,50000-100000,Northeast,MA,25003,Berkshire
2021-06-02,13.708867977089753,50000-100000,Northeast,MA,25003,Berkshire
2020-05-06,317.00597355587473,100000-200000,Northeast,PA,42043,Dauphin
2020-05-13,261.732731929975,100000-200000,Northeast,PA,42043,Dauphin
2020-05-20,284.25273250894315,100000-200000,Northeast,PA,42043,Dauphin
2020-05-27,330.9455129651001,100000-200000,Northeast,PA,42043,Dauphin
2020-06-10,448.6534835106732,100000-200000,Northeast,PA,42043,Dauphin
2020-06-17,331.7079823857602,100000-200000,Northeast,PA,42043,Dauphin
2020-06-24,300.626800326091,100000-200000,Northeast,PA,42043,Dauphin
2020-07-01,173.7052330933988,100000-200000,Northeast,PA,42043,Dauphin
2020-07-15,146.42903993024993,100000-200000,Northeast,PA,42043,Dauphin
2020-07-22,103.46907673057414,100000-200000,Northeast,PA,42043,Dauphin
2020-08-05,95.71885985411969,100000-200000,Northeast,PA,42043,Dauphin
2020-08-12,90.25009435278167,100000-200000,Northeast,PA,42043,Dauphin
2020-08-19,70.18790316524053,100000-200000,Northeast,PA,42043,Dauphin
2020-08-26,71.66652620058392,100000-200000,Northeast,PA,42043,Dauphin
2020-09-02,76.28521649366189,100000-200000,Northeast,PA,42043,Dauphin
2020-09-09,67.10428873121816,100000-200000,Northeast,PA,42043,Dauphin
2020-09-16,46.673460693790105,100000-200000,Northeast,PA,42043,Dauphin
2020-09-23,49.52894183131358,100000-200000,Northeast,PA,42043,Dauphin
2020-09-30,66.02261062765164,100000-200000,Northeast,PA,42043,Dauphin
2020-10-07,107.54489469778942,100000-200000,Northeast,PA,42043,Dauphin
2020-10-14,144.18592147856137,100000-200000,Northeast,PA,42043,Dauphin
2020-10-21,232.1047640507511,100000-200000,Northeast,PA,42043,Dauphin
2020-10-28,466.1339043375257,100000-200000,Northeast,PA,42043,Dauphin
2020-11-11,579.3293956618824,100000-200000,Northeast,PA,42043,Dauphin
2020-11-18,794.5471693376908,100000-200000,Northeast,PA,42043,Dauphin
2020-11-25,890.4538691540065,100000-200000,Northeast,PA,42043,Dauphin
2020-12-02,1527.6852455246462,100000-200000,Northeast,PA,42043,Dauphin
2020-12-09,1644.993207865372,100000-200000,Northeast,PA,42043,Dauphin
2020-12-16,1919.68172963555,100000-200000,Northeast,PA,42043,Dauphin
2020-12-23,1594.9175043664611,100000-200000,Northeast,PA,42043,Dauphin
2020-12-30,1261.0566977401256,100000-200000,Northeast,PA,42043,Dauphin
2021-01-27,735.6758812654856,100000-200000,Northeast,PA,42043,Dauphin
2021-02-10,352.6727553379649,100000-200000,Northeast,PA,42043,Dauphin
2021-02-24,291.94003485061006,100000-200000,Northeast,PA,42043,Dauphin
2021-03-10,218.7984846165438,100000-200000,Northeast,PA,42043,Dauphin
2021-03-24,270.2794903780835,100000-200000,Northeast,PA,42043,Dauphin
2021-04-07,317.20953669716727,100000-200000,Northeast,PA,42043,Dauphin
2021-04-14,322.0662840561934,100000-200000,Northeast,PA,42043,Dauphin
2021-04-21,249.0558291026753,100000-200000,Northeast,PA,42043,Dauphin
2021-04-28,231.7426337439064,100000-200000,Northeast,PA,42043,Dauphin
2021-05-05,214.9149945546353,100000-200000,Northeast,PA,42043,Dauphin
2021-05-12,171.47901490625824,100000-200000,Northeast,PA,42043,Dauphin
2021-05-19,110.43056506703732,100000-200000,Northeast,PA,42043,Dauphin
2021-05-26,78.7294954407127,100000-200000,Northeast,PA,42043,Dauphin
2021-06-02,48.8390987488826,100000-200000,Northeast,PA,42043,Dauphin
2021-06-09,38.39548653270207,100000-200000,Northeast,PA,42043,Dauphin
2020-05-20,43.34430459886548,100000-200000,Northeast,PA,42049,Erie
2020-05-27,56.31703557064483,100000-200000,Northeast,PA,42049,Erie
2020-06-03,56.11208972278527,100000-200000,Northeast,PA,42049,Erie
2020-06-10,43.47771552847299,100000-200000,Northeast,PA,42049,Erie
2020-06-17,19.432307749051247,100000-200000,Northeast,PA,42049,Erie
2020-06-24,13.92031511158064,100000-200000,Northeast,PA,42049,Erie
2020-07-01,27.34645946777991,100000-200000,Northeast,PA,42049,Erie
2020-07-08,47.13128161970602,100000-200000,Northeast,PA,42049,Erie
2020-07-15,49.9220384742676,100000-200000,Northeast,PA,42049,Erie
2020-07-22,49.62990193790608,100000-200000,Northeast,PA,42049,Erie
2020-07-29,38.82404941284782,100000-200000,Northeast,PA,42049,Erie
2020-08-05,40.66787064330169,100000-200000,Northeast,PA,42049,Erie
2020-08-12,34.11226231495406,100000-200000,Northeast,PA,42049,Erie
2020-08-19,44.35941362462436,100000-200000,Northeast,PA,42049,Erie
2020-08-26,42.80462387699259,100000-200000,Northeast,PA,42049,Erie
2020-09-02,31.301796865937604,100000-200000,Northeast,PA,42049,Erie
2020-09-09,15.635685706241397,100000-200000,Northeast,PA,42049,Erie
2020-09-16,20.804276291742408,100000-200000,Northeast,PA,42049,Erie
2020-09-23,31.11442279808988,100000-200000,Northeast,PA,42049,Erie
2020-09-30,53.338434344786585,100000-200000,Northeast,PA,42049,Erie
2020-10-07,61.36632623564628,100000-200000,Northeast,PA,42049,Erie
2020-10-14,93.25627548546602,100000-200000,Northeast,PA,42049,Erie
2020-10-21,97.74622566517591,100000-200000,Northeast,PA,42049,Erie
2020-10-28,111.82997712520364,100000-200000,Northeast,PA,42049,Erie
2020-11-04,192.64419245060316,100000-200000,Northeast,PA,42049,Erie
2020-11-11,423.7709417792569,100000-200000,Northeast,PA,42049,Erie
2020-11-18,601.6857522683215,100000-200000,Northeast,PA,42049,Erie
2020-12-02,914.8138963361142,100000-200000,Northeast,PA,42049,Erie
2020-12-09,1244.762105783352,100000-200000,Northeast,PA,42049,Erie
2020-12-16,1639.0209163509644,100000-200000,Northeast,PA,42049,Erie
2020-12-23,1482.211440093436,100000-200000,Northeast,PA,42049,Erie
2020-12-30,1069.9421143164573,100000-200000,Northeast,PA,42049,Erie
2021-01-06,756.9732907403701,100000-200000,Northeast,PA,42049,Erie
2021-01-13,604.9954014411973,100000-200000,Northeast,PA,42049,Erie
2021-01-20,811.131905992609,100000-200000,Northeast,PA,42049,Erie
2021-01-27,635.840970074451,100000-200000,Northeast,PA,42049,Erie
2021-02-03,571.4763933514208,100000-200000,Northeast,PA,42049,Erie
2021-02-10,271.3432679773229,100000-200000,Northeast,PA,42049,Erie
2021-02-17,259.475984053641,100000-200000,Northeast,PA,42049,Erie
2021-02-24,256.96744278608475,100000-200000,Northeast,PA,42049,Erie
2021-03-03,205.43066621394368,100000-200000,Northeast,PA,42049,Erie
2021-03-10,125.13484837943702,100000-200000,Northeast,PA,42049,Erie
2021-03-17,122.89100753959588,100000-200000,Northeast,PA,42049,Erie
2021-03-24,200.35007629122356,100000-200000,Northeast,PA,42049,Erie
2021-03-31,207.7943850567552,100000-200000,Northeast,PA,42049,Erie
2021-04-07,215.71318935584904,100000-200000,Northeast,PA,42049,Erie
2021-04-14,147.2347313517778,100000-200000,Northeast,PA,42049,Erie
2021-04-21,165.32004644341225,100000-200000,Northeast,PA,42049,Erie
2021-04-28,145.68850114461893,100000-200000,Northeast,PA,42049,Erie
2021-05-05,169.69481888275848,100000-200000,Northeast,PA,42049,Erie
2021-05-12,164.62782942862106,100000-200000,Northeast,PA,42049,Erie
2021-05-19,144.19231802902434,100000-200000,Northeast,PA,42049,Erie
2021-05-26,86.46807320624136,100000-200000,Northeast,PA,42049,Erie
2021-06-02,97.86609541234304,100000-200000,Northeast,PA,42049,Erie
2021-06-09,105.28825676730676,100000-200000,Northeast,PA,42049,Erie
2020-08-05,3.4459258633299785,20000-50000,Northeast,MA,25009,Essex
2020-08-12,2.2972839088866523,20000-50000,Northeast,MA,25009,Essex
2020-08-19,4.016684010196386,20000-50000,Northeast,MA,25009,Essex
2020-08-26,1.719400101309733,20000-50000,Northeast,MA,25009,Essex
2020-09-02,3.1125995737909573,20000-50000,Northeast,MA,25009,Essex
2020-09-09,1.3931994724812242,20000-50000,Northeast,MA,25009,Essex
2020-09-16,4.165386477846293,20000-50000,Northeast,MA,25009,Essex
2020-09-23,2.772187005365069,20000-50000,Northeast,MA,25009,Essex
2020-09-30,5.888057368164209,20000-50000,Northeast,MA,25009,Essex
2020-10-07,26.521145941509484,20000-50000,Northeast,MA,25009,Essex
2020-10-14,41.20833370365877,20000-50000,Northeast,MA,25009,Essex
2020-10-21,49.66387152319313,20000-50000,Northeast,MA,25009,Essex
2020-10-28,61.08002211767057,20000-50000,Northeast,MA,25009,Essex
2020-11-04,81.77248866429228,20000-50000,Northeast,MA,25009,Essex
2020-11-11,172.25030419327456,20000-50000,Northeast,MA,25009,Essex
2020-11-18,246.74543049115312,20000-50000,Northeast,MA,25009,Essex
2020-11-25,486.3352048006088,20000-50000,Northeast,MA,25009,Essex
2020-12-02,565.3529537266819,20000-50000,Northeast,MA,25009,Essex
2020-12-09,505.6441714796938,20000-50000,Northeast,MA,25009,Essex
2020-12-16,618.219731360022,20000-50000,Northeast,MA,25009,Essex
2020-12-30,791.9059919578989,20000-50000,Northeast,MA,25009,Essex
2021-01-06,838.4280614194722,20000-50000,Northeast,MA,25009,Essex
2021-01-13,520.17743044121,20000-50000,Northeast,MA,25009,Essex
2021-01-20,337.98608417770055,20000-50000,Northeast,MA,25009,Essex
2021-01-27,323.73403783984287,20000-50000,Northeast,MA,25009,Essex
2021-02-03,351.38988638377714,20000-50000,Northeast,MA,25009,Essex
2021-02-10,194.15558254919796,20000-50000,Northeast,MA,25009,Essex
2021-02-17,132.21910377576415,20000-50000,Northeast,MA,25009,Essex
2021-02-24,57.65899899861864,20000-50000,Northeast,MA,25009,Essex
2021-03-03,59.86756907859199,20000-50000,Northeast,MA,25009,Essex
2021-03-10,123.36148028576918,20000-50000,Northeast,MA,25009,Essex
2021-03-17,182.52705917814487,20000-50000,Northeast,MA,25009,Essex
2021-03-24,209.9572797706303,20000-50000,Northeast,MA,25009,Essex
2021-03-31,161.27033020459257,20000-50000,Northeast,MA,25009,Essex
2021-04-07,99.10757633912816,20000-50000,Northeast,MA,25009,Essex
2021-04-14,71.50837334042616,20000-50000,Northeast,MA,25009,Essex
2021-04-21,39.51292005549404,20000-50000,Northeast,MA,25009,Essex
2021-05-12,24.11965950885616,20000-50000,Northeast,MA,25009,Essex
2021-05-19,6.752488697922575,20000-50000,Northeast,MA,25009,Essex
2021-05-26,3.999665767354871,20000-50000,Northeast,MA,25009,Essex
2021-06-02,6.631732200427602e-14,20000-50000,Northeast,MA,25009,Essex
2021-06-09,9.947598300641405e-14,20000-50000,Northeast,MA,25009,Essex
2020-04-15,35.810603110802965,20000-50000,Northeast,CT,09001,Fairfield
2020-04-22,30.439465348241868,20000-50000,Northeast,CT,09001,Fairfield
2020-04-29,19.73252099593881,20000-50000,Northeast,CT,09001,Fairfield
2020-05-06,10.085085511036914,20000-50000,Northeast,CT,09001,Fairfield
2020-05-13,3.5193555699970243,20000-50000,Northeast,CT,09001,Fairfield
2020-05-27,12.72514391794258,20000-50000,Northeast,CT,09001,Fairfield
2020-06-17,12.72514391794258,20000-50000,Northeast,CT,09001,Fairfield
2020-06-24,20.05483082603319,20000-50000,Northeast,CT,09001,Fairfield
2020-07-01,8.397810739520368,20000-50000,Northeast,CT,09001,Fairfield
2020-07-08,26.16384589018056,20000-50000,Northeast,CT,09001,Fairfield
2020-07-22,62.43156016966629,20000-50000,Northeast,CT,09001,Fairfield
2020-08-05,63.53449389410562,20000-50000,Northeast,CT,09001,Fairfield
2020-08-12,47.5204963483082,20000-50000,Northeast,CT,09001,Fairfield
2020-08-19,3.92309516073186,20000-50000,Northeast,CT,09001,Fairfield
2020-08-26,10.505359999111253,20000-50000,Northeast,CT,09001,Fairfield
2020-09-02,15.441245977159726,20000-50000,Northeast,CT,09001,Fairfield
2020-09-16,28.29428484755056,20000-50000,Northeast,CT,09001,Fairfield
2020-09-30,25.845764846684364,20000-50000,Northeast,CT,09001,Fairfield
2020-10-07,43.01489930032821,20000-50000,Northeast,CT,09001,Fairfield
2020-10-14,44.51891452007104,20000-50000,Northeast,CT,09001,Fairfield
2020-10-21,72.84967278908896,20000-50000,Northeast,CT,09001,Fairfield
2020-10-28,174.51857234190706,20000-50000,Northeast,CT,09001,Fairfield
2020-11-04,288.4319868911724,20000-50000,Northeast,CT,09001,Fairfield
2020-11-11,543.2709339926631,20000-50000,Northeast,CT,09001,Fairfield
2020-11-18,570.7712580097465,20000-50000,Northeast,CT,09001,Fairfield
2020-11-25,609.023705764201,20000-50000,Northeast,CT,09001,Fairfield
2020-12-02,464.8578942522527,20000-50000,Northeast,CT,09001,Fairfield
2020-12-09,600.121378156988,20000-50000,Northeast,CT,09001,Fairfield
2020-12-16,601.3669191015812,20000-50000,Northeast,CT,09001,Fairfield
2020-12-23,897.1334941237432,20000-50000,Northeast,CT,09001,Fairfield
2020-12-30,774.3793844452675,20000-50000,Northeast,CT,09001,Fairfield
2021-01-06,765.4916142374517,20000-50000,Northeast,CT,09001,Fairfield
2021-01-13,482.7966655827363,20000-50000,Northeast,CT,09001,Fairfield
2021-01-20,440.1733518981964,20000-50000,Northeast,CT,09001,Fairfield
2021-01-27,563.9306574427936,20000-50000,Northeast,CT,09001,Fairfield
2021-02-03,531.2112677327447,20000-50000,Northeast,CT,09001,Fairfield
2021-02-10,486.2158675950182,20000-50000,Northeast,CT,09001,Fairfield
2021-02-17,338.0118739410645,20000-50000,Northeast,CT,09001,Fairfield
2021-02-24,283.3663249437555,20000-50000,Northeast,CT,09001,Fairfield
2021-03-03,302.67590244189483,20000-50000,Northeast,CT,09001,Fairfield
2021-03-10,168.24190342062056,20000-50000,Northeast,CT,09001,Fairfield
2021-03-17,110.31445943802473,20000-50000,Northeast,CT,09001,Fairfield
2021-03-24,245.83034687547965,20000-50000,Northeast,CT,09001,Fairfield
2021-03-31,397.8993678648155,20000-50000,Northeast,CT,09001,Fairfield
2021-04-07,512.9524636844403,20000-50000,Northeast,CT,09001,Fairfield
2021-04-14,514.0904478649661,20000-50000,Northeast,CT,09001,Fairfield
2021-04-21,405.0084930418987,20000-50000,Northeast,CT,09001,Fairfield
2021-04-28,300.0291640571349,20000-50000,Northeast,CT,09001,Fairfield
2021-05-05,72.80913825568558,20000-50000,Northeast,CT,09001,Fairfield
2021-05-12,38.36803800317881,20000-50000,Northeast,CT,09001,Fairfield
2021-05-19,20.12128690224782,20000-50000,Northeast,CT,09001,Fairfield
2021-05-26,18.417931160434037,20000-50000,Northeast,CT,09001,Fairfield
2021-06-02,18.56358732349239,20000-50000,Northeast,CT,09001,Fairfield
2021-06-09,20.47294749019029,20000-50000,Northeast,CT,09001,Fairfield
2020-05-13,593.1168166009855,50000-100000,Northeast,PA,42055,Franklin
2020-05-20,452.9562385352589,50000-100000,Northeast,PA,42055,Franklin
2020-05-27,174.13608722706803,50000-100000,Northeast,PA,42055,Franklin
2020-06-03,88.18595116388144,50000-100000,Northeast,PA,42055,Franklin
2020-06-17,40.58626463556416,50000-100000,Northeast,PA,42055,Franklin
2020-06-24,60.5430717626894,50000-100000,Northeast,PA,42055,Franklin
2020-07-08,130.15145533084342,50000-100000,Northeast,PA,42055,Franklin
2020-07-22,168.2358640694556,50000-100000,Northeast,PA,42055,Franklin
2020-08-05,143.47737543020406,50000-100000,Northeast,PA,42055,Franklin
2020-08-26,89.74942073345359,50000-100000,Northeast,PA,42055,Franklin
2020-09-02,73.2781639314202,50000-100000,Northeast,PA,42055,Franklin
2020-09-09,70.13079549725585,50000-100000,Northeast,PA,42055,Franklin
2020-09-30,77.1918729120384,50000-100000,Northeast,PA,42055,Franklin
2020-10-21,218.7681211046481,50000-100000,Northeast,PA,42055,Franklin
2020-11-04,475.678468850746,50000-100000,Northeast,PA,42055,Franklin
2020-11-18,859.8631432029273,50000-100000,Northeast,PA,42055,Franklin
2020-12-02,902.4254875649568,50000-100000,Northeast,PA,42055,Franklin
2020-12-16,1072.753656179637,50000-100000,Northeast,PA,42055,Franklin
2021-01-06,810.1332390878723,50000-100000,Northeast,PA,42055,Franklin
2021-01-27,784.9407485721512,50000-100000,Northeast,PA,42055,Franklin
2021-02-03,380.2417057884156,50000-100000,Northeast,PA,42055,Franklin
2021-02-24,315.45999956045176,50000-100000,Northeast,PA,42055,Franklin
2021-03-03,174.18958813639813,50000-100000,Northeast,PA,42055,Franklin
2021-03-17,235.7218930206756,50000-100000,Northeast,PA,42055,Franklin
2021-03-31,170.78876401180932,50000-100000,Northeast,PA,42055,Franklin
2021-04-21,182.33187078112195,50000-100000,Northeast,PA,42055,Franklin
2020-04-29,56.97762506775561,10000-20000,Northeast,MA,25015,Hampshire
2020-05-06,66.60616432684115,10000-20000,Northeast,MA,25015,Hampshire
2020-05-13,61.43196880242798,10000-20000,Northeast,MA,25015,Hampshire
2020-05-20,42.11063842523433,10000-20000,Northeast,MA,25015,Hampshire
2020-05-27,17.451147570836493,10000-20000,Northeast,MA,25015,Hampshire
2020-06-10,10.755583773931791,10000-20000,Northeast,MA,25015,Hampshire
2020-07-01,22.512451731308676,10000-20000,Northeast,MA,25015,Hampshire
2020-07-15,22.852783928648105,10000-20000,Northeast,MA,25015,Hampshire
2020-07-29,30.52320004652758,10000-20000,Northeast,MA,25015,Hampshire
2020-08-19,15.075908100967366,10000-20000,Northeast,MA,25015,Hampshire
2020-09-09,12.331327388610148,10000-20000,Northeast,MA,25015,Hampshire
2020-09-16,3.289150587974754,10000-20000,Northeast,MA,25015,Hampshire
2020-09-23,2.9231002825848407,10000-20000,Northeast,MA,25015,Hampshire
2020-10-07,7.263471310601983,10000-20000,Northeast,MA,25015,Hampshire
2020-10-21,18.53798942301911,20000-50000,Northeast,MA,25015,Hampshire
2020-10-28,23.084068686307884,20000-50000,Northeast,MA,25015,Hampshire
2020-11-04,67.1369327214648,20000-50000,Northeast,MA,25015,Hampshire
2020-11-11,144.18936276927522,20000-50000,Northeast,MA,25015,Hampshire
2020-11-18,170.75807357959513,20000-50000,Northeast,MA,25015,Hampshire
2020-11-25,215.54861192717,20000-50000,Northeast,MA,25015,Hampshire
2020-12-02,187.6886610782195,20000-50000,Northeast,MA,25015,Hampshire
2020-12-09,256.9756322302517,20000-50000,Northeast,MA,25015,Hampshire
2020-12-16,308.8685747286975,20000-50000,Northeast,MA,25015,Hampshire
2020-12-23,487.5711877892183,20000-50000,Northeast,MA,25015,Hampshire
2020-12-30,573.9347643871939,20000-50000,Northeast,MA,25015,Hampshire
2021-01-06,535.8783040241635,20000-50000,Northeast,MA,25015,Hampshire
2021-01-13,421.47225132338417,20000-50000,Northeast,MA,25015,Hampshire
2021-01-20,417.8775664640672,20000-50000,Northeast,MA,25015,Hampshire
2021-01-27,378.0013733654992,20000-50000,Northeast,MA,25015,Hampshire
2021-02-03,295.4243711360921,20000-50000,Northeast,MA,25015,Hampshire
2021-02-10,138.81430828205973,20000-50000,Northeast,MA,25015,Hampshire
2021-02-17,138.9090531672786,20000-50000,Northeast,MA,25015,Hampshire
2021-02-24,217.48035954871128,20000-50000,Northeast,MA,25015,Hampshire
2021-03-03,234.57822368508005,20000-50000,Northeast,MA,25015,Hampshire
2021-03-24,216.4480733046692,10000-20000,Northeast,MA,25015,Hampshire
2021-04-14,166.8382544112702,10000-20000,Northeast,MA,25015,Hampshire
2021-05-05,126.67208277548524,10000-20000,Northeast,MA,25015,Hampshire
2021-05-26,114.0091263662386,10000-20000,Northeast,MA,25015,Hampshire
2020-04-29,0.0,20000-50000,Northeast,PA,42063,Indiana
2020-05-06,0.0,20000-50000,Northeast,PA,42063,Indiana
2020-05-13,0.9130073520464226,20000-50000,Northeast,PA,42063,Indiana
2020-05-20,0.9130073520464226,20000-50000,Northeast,PA,42063,Indiana
2020-05-27,5.050616936994699,20000-50000,Northeast,PA,42063,Indiana
2020-06-03,21.680206923593037,20000-50000,Northeast,PA,42063,Indiana
2020-06-10,26.309022844219506,20000-50000,Northeast,PA,42063,Indiana
2020-06-17,39.93503079109693,20000-50000,Northeast,PA,42063,Indiana
2020-06-24,31.00059793981826,20000-50000,Northeast,PA,42063,Indiana
2020-07-01,35.41672616916838,20000-50000,Northeast,PA,42063,Indiana
2020-07-08,39.93788540973954,20000-50000,Northeast,PA,42063,Indiana
2020-07-15,42.44060613606512,20000-50000,Northeast,PA,42063,Indiana
2020-07-22,51.653201190033634,20000-50000,Northeast,PA,42063,Indiana
2020-07-29,33.70174249878602,20000-50000,Northeast,PA,42063,Indiana
2020-08-05,23.454632416417112,20000-50000,Northeast,PA,42063,Indiana
2020-08-12,7.119430280537795,20000-50000,Northeast,PA,42063,Indiana
2020-08-19,15.079049660680347,20000-50000,Northeast,PA,42063,Indiana
2020-08-26,90.26388029734034,20000-50000,Northeast,PA,42063,Indiana
2020-09-02,202.57285244658647,20000-50000,Northeast,PA,42063,Indiana
2020-09-09,393.547912451538,20000-50000,Northeast,PA,42063,Indiana
2020-09-16,488.9479740071061,20000-50000,Northeast,PA,42063,Indiana
2020-09-23,476.74982845757495,20000-50000,Northeast,PA,42063,Indiana
2020-09-30,324.08334357336054,20000-50000,Northeast,PA,42063,Indiana
2020-10-07,221.3295236559645,20000-50000,Northeast,PA,42063,Indiana
2020-10-14,192.3875528521421,20000-50000,Northeast,PA,42063,Indiana
2020-10-21,246.28382723823316,20000-50000,Northeast,PA,42063,Indiana
2020-10-28,502.421320040735,20000-50000,Northeast,PA,42063,Indiana
2020-11-11,832.9823714299382,20000-50000,Northeast,PA,42063,Indiana
2020-11-18,1525.4202631553285,20000-50000,Northeast,PA,42063,Indiana
2020-11-25,1489.7848243295273,20000-50000,Northeast,PA,42063,Indiana
2020-12-02,1259.43107603866,20000-50000,Northeast,PA,42063,Indiana
2020-12-09,725.363915305883,20000-50000,Northeast,PA,42063,Indiana
2020-12-16,636.8305916542553,20000-50000,Northeast,PA,42063,Indiana
2020-12-23,539.6351131125452,20000-50000,Northeast,PA,42063,Indiana
2020-12-30,432.2923436402163,20000-50000,Northeast,PA,42063,Indiana
2021-01-13,521.923546275808,20000-50000,Northeast,PA,42063,Indiana
2021-01-20,491.1888125672328,20000-50000,Northeast,PA,42063,Indiana
2021-01-27,391.2511852680591,20000-50000,Northeast,PA,42063,Indiana
2021-02-03,241.46754880123692,20000-50000,Northeast,PA,42063,Indiana
2021-02-10,269.1989661698819,20000-50000,Northeast,PA,42063,Indiana
2021-02-17,275.8057165550713,20000-50000,Northeast,PA,42063,Indiana
2021-02-24,204.2141010674124,20000-50000,Northeast,PA,42063,Indiana
2021-03-03,203.2852223503122,20000-50000,Northeast,PA,42063,Indiana
2021-03-10,175.28437236547634,20000-50000,Northeast,PA,42063,Indiana
2021-03-17,164.39159980956396,20000-50000,Northeast,PA,42063,Indiana
2021-03-24,186.2292975328165,20000-50000,Northeast,PA,42063,Indiana
2021-03-31,250.9208126703626,20000-50000,Northeast,PA,42063,Indiana
2021-04-07,303.16302069959244,20000-50000,Northeast,PA,42063,Indiana
2021-04-14,289.6323606483529,20000-50000,Northeast,PA,42063,Indiana
2021-04-21,224.36610132060852,20000-50000,Northeast,PA,42063,Indiana
2021-04-28,170.6936014103396,20000-50000,Northeast,PA,42063,Indiana
2021-05-05,191.63043952659015,20000-50000,Northeast,PA,42063,Indiana
2021-05-12,210.7343255903498,20000-50000,Northeast,PA,42063,Indiana
2021-05-19,168.41202681285066,20000-50000,Northeast,PA,42063,Indiana
2021-05-26,71.66098589583345,20000-50000,Northeast,PA,42063,Indiana
2021-06-02,26.598677368716874,20000-50000,Northeast,PA,42063,Indiana
2021-06-09,18.486768256243447,20000-50000,Northeast,PA,42063,Indiana
2020-11-11,215.8389203442042,50000-100000,Northeast,MA,25017,Middlesex
2020-11-18,204.2216047224269,100000-200000,Northeast,MA,25017,Middlesex
2020-11-25,177.05441286522844,50000-100000,Northeast,MA,25017,Middlesex
2020-12-02,212.6534345907296,100000-200000,Northeast,MA,25017,Middlesex
2020-12-09,291.9891188615217,100000-200000,Northeast,MA,25017,Middlesex
2020-12-16,396.85108952818615,100000-200000,Northeast,MA,25017,Middlesex
2020-12-23,454.7220502746201,100000-200000,Northeast,MA,25017,Middlesex
2020-12-30,407.3357519411901,100000-200000,Northeast,MA,25017,Middlesex
2021-01-06,330.82832486704564,100000-200000,Northeast,MA,25017,Middlesex
2021-01-13,265.22898263367654,100000-200000,Northeast,MA,25017,Middlesex
2021-01-20,260.880835983778,100000-200000,Northeast,MA,25017,Middlesex
2021-01-27,218.41571379961815,100000-200000,Northeast,MA,25017,Middlesex
2021-02-03,165.0755225354846,100000-200000,Northeast,MA,25017,Middlesex
2021-02-10,94.1102230392254,100000-200000,Northeast,MA,25017,Middlesex
2021-02-17,85.52661751381237,100000-200000,Northeast,MA,25017,Middlesex
2021-02-24,95.5555877674365,100000-200000,Northeast,MA,25017,Middlesex
2021-03-03,108.20021386054896,100000-200000,Northeast,MA,25017,Middlesex
2021-03-10,90.325222434701,100000-200000,Northeast,MA,25017,Middlesex
2021-03-17,77.0737026006642,100000-200000,Northeast,MA,25017,Middlesex
2021-03-24,73.74972663017832,100000-200000,Northeast,MA,25017,Middlesex
2021-03-31,74.70983722184928,100000-200000,Northeast,MA,25017,Middlesex
2021-04-07,83.87393124292636,100000-200000,Northeast,MA,25017,Middlesex
2021-04-14,70.66037564292118,100000-200000,Northeast,MA,25017,Middlesex
2021-04-21,60.53772082567334,100000-200000,Northeast,MA,25017,Middlesex
2021-04-28,29.10812908174063,100000-200000,Northeast,MA,25017,Middlesex
2021-05-05,19.159625649509064,100000-200000,Northeast,MA,25017,Middlesex
2021-05-12,9.09483825262082,100000-200000,Northeast,MA,25017,Middlesex
2021-05-19,7.686238012567753,100000-200000,Northeast,MA,25017,Middlesex
2021-05-26,4.834260045112073,100000-200000,Northeast,MA,25017,Middlesex
2021-06-02,2.343160081609494,100000-200000,Northeast,MA,25017,Middlesex
2021-06-09,0.4073161106436451,10000-20000,Northeast,MA,25017,Middlesex
2020-04-29,0.0,10000-20000,Northeast,MA,25019,Nantucket
2020-05-06,0.0,10000-20000,Northeast,MA,25019,Nantucket
2020-05-20,7.195986852950514,10000-20000,Northeast,MA,25019,Nantucket
2020-06-10,7.195986852950514,10000-20000,Northeast,MA,25019,Nantucket
2020-06-24,10.121707280071176,10000-20000,Northeast,MA,25019,Nantucket
2020-07-08,2.925720427120661,10000-20000,Northeast,MA,25019,Nantucket
2020-07-22,3.8100112158024166,10000-20000,Northeast,MA,25019,Nantucket
2020-08-05,1.9624031568064069,20000-50000,Northeast,MA,25019,Nantucket
2020-08-26,8.51437451408522,20000-50000,Northeast,MA,25019,Nantucket
2020-09-02,11.002304495752648,20000-50000,Northeast,MA,25019,Nantucket
2020-09-09,12.623128774204206,20000-50000,Northeast,MA,25019,Nantucket
2020-09-16,6.071157416925392,20000-50000,Northeast,MA,25019,Nantucket
2020-09-23,10.31165834149022,20000-50000,Northeast,MA,25019,Nantucket
2020-09-30,19.04575693391595,20000-50000,Northeast,MA,25019,Nantucket
2020-10-07,55.69100759022672,10000-20000,Northeast,MA,25019,Nantucket
2020-10-14,84.24177213234351,10000-20000,Northeast,MA,25019,Nantucket
2020-10-21,88.08665510341284,10000-20000,Northeast,MA,25019,Nantucket
2020-10-28,173.4290122142273,10000-20000,Northeast,MA,25019,Nantucket
2020-11-04,301.4836625358136,10000-20000,Northeast,MA,25019,Nantucket
2020-11-11,370.1929995935414,10000-20000,Northeast,MA,25019,Nantucket
2020-11-18,273.04156788660924,10000-20000,Northeast,MA,25019,Nantucket
2020-11-25,508.8540997111964,10000-20000,Northeast,MA,25019,Nantucket
2020-12-02,1021.7745037663602,10000-20000,Northeast,MA,25019,Nantucket
2020-12-09,1367.5846785797323,10000-20000,Northeast,MA,25019,Nantucket
2020-12-16,1305.450830375035,10000-20000,Northeast,MA,25019,Nantucket
2020-12-23,1103.682440211169,10000-20000,Northeast,MA,25019,Nantucket
2020-12-30,1388.7405152751578,10000-20000,Northeast,MA,25019,Nantucket
2021-01-06,1548.370985066577,10000-20000,Northeast,MA,25019,Nantucket
2021-01-13,1393.287782319552,10000-20000,Northeast,MA,25019,Nantucket
2021-01-20,776.5750428111538,10000-20000,Northeast,MA,25019,Nantucket
2021-01-27,320.14991853527584,10000-20000,Northeast,MA,25019,Nantucket
2021-02-03,142.0167999083906,10000-20000,Northeast,MA,25019,Nantucket
2021-02-10,146.13295714906658,10000-20000,Northeast,MA,25019,Nantucket
2021-02-17,185.5134717405078,10000-20000,Northeast,MA,25019,Nantucket
2021-02-24,253.18769656383475,10000-20000,Northeast,MA,25019,Nantucket
2021-03-03,292.3757403148379,10000-20000,Northeast,MA,25019,Nantucket
2021-03-10,429.1574315708713,10000-20000,Northeast,MA,25019,Nantucket
2021-03-17,499.07228230532974,10000-20000,Northeast,MA,25019,Nantucket
2021-03-24,629.9864701762643,10000-20000,Northeast,MA,25019,Nantucket
2021-03-31,696.0313963038843,10000-20000,Northeast,MA,25019,Nantucket
2021-04-07,626.8843368383785,10000-20000,Northeast,MA,25019,Nantucket
2021-04-21,504.43857362442606,10000-20000,Northeast,MA,25019,Nantucket
2021-04-28,261.64953519479155,10000-20000,Northeast,MA,25019,Nantucket
2021-05-05,139.76082579559963,10000-20000,Northeast,MA,25019,Nantucket
2021-05-12,69.15782082101904,10000-20000,Northeast,MA,25019,Nantucket
2021-05-19,29.60882207686376,10000-20000,Northeast,MA,25019,Nantucket
2021-05-26,21.132567598589706,10000-20000,Northeast,MA,25019,Nantucket
2021-06-02,0.971260495353224,10000-20000,Northeast,MA,25019,Nantucket
2021-06-09,0.0,10000-20000,Northeast,MA,25019,Nantucket
2020-05-13,21.85737818890588,20000-50000,Northeast,NY,36059,Nassau
2020-05-20,14.571585459270588,20000-50000,Northeast,NY,36059,Nassau
2020-05-27,0.0,20000-50000,Northeast,NY,36059,Nassau
2020-06-03,0.0,20000-50000,Northeast,NY,36059,Nassau
2020-06-10,0.0,20000-50000,Northeast,NY,36059,Nassau
2020-06-24,1.379995012819007,20000-50000,Northeast,NY,36059,Nassau
2020-07-08,4.021787234079336,20000-50000,Northeast,NY,36059,Nassau
2020-07-22,4.021787234079336,20000-50000,Northeast,NY,36059,Nassau
2020-08-05,2.641792221260329,20000-50000,Northeast,NY,36059,Nassau
2020-08-19,0.0,20000-50000,Northeast,NY,36059,Nassau
2020-09-09,0.0,20000-50000,Northeast,NY,36059,Nassau
2020-09-23,3.239371390994732,20000-50000,Northeast,NY,36059,Nassau
2020-10-07,19.94400762793522,20000-50000,Northeast,NY,36059,Nassau
2020-10-21,22.9300127825211,20000-50000,Northeast,NY,36059,Nassau
2020-11-04,65.58156250459932,20000-50000,Northeast,NY,36059,Nassau
2020-11-18,160.65440120652278,20000-50000,Northeast,NY,36059,Nassau
2020-12-02,248.2811922142452,20000-50000,Northeast,NY,36059,Nassau
2020-12-09,305.4987799673642,20000-50000,Northeast,NY,36059,Nassau
2020-12-16,282.0565108110277,20000-50000,Northeast,NY,36059,Nassau
2020-12-23,335.1211381593094,20000-50000,Northeast,NY,36059,Nassau
2020-12-30,569.9964635671892,20000-50000,Northeast,NY,36059,Nassau
2021-01-06,1006.4376589314088,20000-50000,Northeast,NY,36059,Nassau
2021-01-13,1055.2953338399354,20000-50000,Northeast,NY,36059,Nassau
2021-01-20,1043.6516214419216,20000-50000,Northeast,NY,36059,Nassau
2021-02-03,606.0829449809395,20000-50000,Northeast,NY,36059,Nassau
2021-02-10,525.4812397918892,20000-50000,Northeast,NY,36059,Nassau
2021-02-17,321.5790179361072,20000-50000,Northeast,NY,36059,Nassau
2021-02-24,328.3825865936945,20000-50000,Northeast,NY,36059,Nassau
2021-03-03,322.8521797443224,20000-50000,Northeast,NY,36059,Nassau
2021-03-10,372.14759265066186,20000-50000,Northeast,NY,36059,Nassau
2021-03-17,473.8679456161955,20000-50000,Northeast,NY,36059,Nassau
2021-03-24,406.2569622820071,20000-50000,Northeast,NY,36059,Nassau
2021-03-31,267.88078148273377,20000-50000,Northeast,NY,36059,Nassau
2021-04-07,81.74408437838827,20000-50000,Northeast,NY,36059,Nassau
2021-04-21,60.918462087005445,20000-50000,Northeast,NY,36059,Nassau
2021-05-05,30.94859743560973,20000-50000,Northeast,NY,36059,Nassau
2021-05-19,21.35364823106945,20000-50000,Northeast,NY,36059,Nassau
2021-06-02,5.080901213919681,20000-50000,Northeast,NY,36059,Nassau
2020-04-29,163.9588832972673,200000-500000,Northeast,DE,10003,New Castle
2020-05-06,247.9927737945087,500000-1000000,Northeast,DE,10003,New Castle
2020-05-13,271.7654590871288,500000-1000000,Northeast,DE,10003,New Castle
2020-05-20,202.20213650927116,500000-1000000,Northeast,DE,10003,New Castle
2020-05-27,119.8159462867704,500000-1000000,Northeast,DE,10003,New Castle
2020-06-03,143.6524828969286,500000-1000000,Northeast,DE,10003,New Castle
2020-06-10,138.7652310464737,500000-1000000,Northeast,DE,10003,New Castle
2020-06-17,97.68913617655518,500000-1000000,Northeast,DE,10003,New Castle
2020-06-24,51.27863435817934,500000-1000000,Northeast,DE,10003,New Castle
2020-07-01,57.625367023732935,500000-1000000,Northeast,DE,10003,New Castle
2020-07-08,79.03923929134773,500000-1000000,Northeast,DE,10003,New Castle
2020-07-15,78.79896770902675,500000-1000000,Northeast,DE,10003,New Castle
2020-07-22,87.26123517494699,500000-1000000,Northeast,DE,10003,New Castle
2020-07-29,114.0296149788918,500000-1000000,Northeast,DE,10003,New Castle
2020-08-05,110.33879390460228,500000-1000000,Northeast,DE,10003,New Castle
2020-08-12,93.44903324202112,500000-1000000,Northeast,DE,10003,New Castle
2020-08-19,44.3899156465125,500000-1000000,Northeast,DE,10003,New Castle
2020-08-26,60.73984454879703,500000-1000000,Northeast,DE,10003,New Castle
2020-09-02,69.75275794486976,500000-1000000,Northeast,DE,10003,New Castle
2020-09-09,79.29804805307585,500000-1000000,Northeast,DE,10003,New Castle
2020-09-16,69.67885525433066,500000-1000000,Northeast,DE,10003,New Castle
2020-09-23,73.63347698198586,500000-1000000,Northeast,DE,10003,New Castle
2020-09-30,66.9868591625269,500000-1000000,Northeast,DE,10003,New Castle
2020-10-07,63.25017775815591,500000-1000000,Northeast,DE,10003,New Castle
2020-10-14,52.11333472365154,500000-1000000,Northeast,DE,10003,New Castle
2020-10-21,67.07617772494294,500000-1000000,Northeast,DE,10003,New Castle
2020-10-28,75.11973406802998,500000-1000000,Northeast,DE,10003,New Castle
2020-11-04,98.32442200750587,200000-500000,Northeast,DE,10003,New Castle
2020-11-11,239.7676334282688,200000-500000,Northeast,DE,10003,New Castle
2020-11-18,414.9148173685392,200000-500000,Northeast,DE,10003,New Castle
2020-11-25,867.5216152862082,200000-500000,Northeast,DE,10003,New Castle
2020-12-02,1123.1345488487434,200000-500000,Northeast,DE,10003,New Castle
2020-12-09,1320.2702211264177,200000-500000,Northeast,DE,10003,New Castle
2020-12-16,1081.2682187947316,200000-500000,Northeast,DE,10003,New Castle
2020-12-23,968.8630198103604,200000-500000,Northeast,DE,10003,New Castle
2020-12-30,851.860960476057,200000-500000,Northeast,DE,10003,New Castle
2020-03-04,5.36068940791623,2000000-5000000,Northeast,MA,25025,Suffolk
2020-03-11,17.153024570592027,2000000-5000000,Northeast,MA,25025,Suffolk
2020-03-18,66.91877826384224,2000000-5000000,Northeast,MA,25025,Suffolk
2020-03-25,133.357965995434,2000000-5000000,Northeast,MA,25025,Suffolk
2020-04-01,293.38343285961923,2000000-5000000,Northeast,MA,25025,Suffolk
2020-04-08,378.0694330537192,2000000-5000000,Northeast,MA,25025,Suffolk
2020-04-15,403.55719302719257,2000000-5000000,Northeast,MA,25025,Suffolk
2020-04-22,287.35788227767824,2000000-5000000,Northeast,MA,25025,Suffolk
2020-04-29,164.2940138713807,2000000-5000000,Northeast,MA,25025,Suffolk
2020-05-06,119.11079613018153,2000000-5000000,Northeast,MA,25025,Suffolk
2020-05-13,107.21139621358198,500000-1000000,Northeast,MA,25025,Suffolk
2020-05-20,118.13215277670236,2000000-5000000,Northeast,MA,25025,Suffolk
2020-05-27,84.21538146051931,2000000-5000000,Northeast,MA,25025,Suffolk
2020-06-03,54.64178472050093,2000000-5000000,Northeast,MA,25025,Suffolk
2020-06-10,43.00795019617168,2000000-5000000,Northeast,MA,25025,Suffolk
2020-06-17,30.640768334509584,2000000-5000000,Northeast,MA,25025,Suffolk
2020-06-24,24.39934581211456,2000000-5000000,Northeast,MA,25025,Suffolk
2020-07-01,25.60881451926801,2000000-5000000,Northeast,MA,25025,Suffolk
2020-07-08,30.38863750430292,2000000-5000000,Northeast,MA,25025,Suffolk
2020-07-15,30.60319062908549,2000000-5000000,Northeast,MA,25025,Suffolk
2020-07-22,30.544591717324103,2000000-5000000,Northeast,MA,25025,Suffolk
2020-07-29,41.57010137374137,2000000-5000000,Northeast,MA,25025,Suffolk
2020-08-05,46.54107862957698,2000000-5000000,Northeast,MA,25025,Suffolk
2020-08-12,52.10438592553067,2000000-5000000,Northeast,MA,25025,Suffolk
2020-08-19,46.08847539832149,2000000-5000000,Northeast,MA,25025,Suffolk
2020-08-26,60.64486506691805,2000000-5000000,Northeast,MA,25025,Suffolk
2020-09-02,60.34940622234138,2000000-5000000,Northeast,MA,25025,Suffolk
2020-09-09,65.00707228223003,2000000-5000000,Northeast,MA,25025,Suffolk
2020-09-16,50.94533830603542,2000000-5000000,Northeast,MA,25025,Suffolk
2020-09-23,49.9663370972685,2000000-5000000,Northeast,MA,25025,Suffolk
2020-09-30,52.32285813682645,2000000-5000000,Northeast,MA,25025,Suffolk
2020-10-07,74.61573058963916,2000000-5000000,Northeast,MA,25025,Suffolk
2020-10-14,113.1860867339331,2000000-5000000,Northeast,MA,25025,Suffolk
2020-10-21,140.225133287139,2000000-5000000,Northeast,MA,25025,Suffolk
2020-10-28,186.25543833946213,2000000-5000000,Northeast,MA,25025,Suffolk
2020-11-04,247.28233864588756,2000000-5000000,Northeast,MA,25025,Suffolk
2020-11-11,337.65465393358824,2000000-5000000,Northeast,MA,25025,Suffolk
2020-11-18,449.4686594663088,2000000-5000000,Northeast,MA,25025,Suffolk
2020-11-25,628.2177207038853,2000000-5000000,Northeast,MA,25025,Suffolk
2020-12-02,805.4396078416962,2000000-5000000,Northeast,MA,25025,Suffolk
2020-12-09,929.5469831328,2000000-5000000,Northeast,MA,25025,Suffolk
2020-12-16,920.2223770036816,2000000-5000000,Northeast,MA,25025,Suffolk
2020-12-23,888.0860357896917,2000000-5000000,Northeast,MA,25025,Suffolk
2020-12-30,981.3915128895604,2000000-5000000,Northeast,MA,25025,Suffolk
2021-01-06,1041.5566365495745,2000000-5000000,Northeast,MA,25025,Suffolk
2021-01-13,1098.1903135338891,2000000-5000000,Northeast,MA,25025,Suffolk
2021-01-20,883.600493423955,2000000-5000000,Northeast,MA,25025,Suffolk
2021-01-27,673.515497274118,2000000-5000000,Northeast,MA,25025,Suffolk
2021-02-03,455.92433776917824,2000000-5000000,Northeast,MA,25025,Suffolk
2021-02-10,393.3249797407702,2000000-5000000,Northeast,MA,25025,Suffolk
2021-02-17,355.37043119750723,2000000-5000000,Northeast,MA,25025,Suffolk
2021-02-24,347.6109340210141,2000000-5000000,Northeast,MA,25025,Suffolk
2021-03-03,309.93442794110985,2000000-5000000,Northeast,MA,25025,Suffolk
2021-03-10,331.24198843781704,2000000-5000000,Northeast,MA,25025,Suffolk
2021-03-17,329.23905709610733,2000000-5000000,Northeast,MA,25025,Suffolk
2021-03-24,337.9000080593608,2000000-5000000,Northeast,MA,25025,Suffolk
2021-03-31,332.09159212748136,2000000-5000000,Northeast,MA,25025,Suffolk
2021-04-07,312.50632795929323,2000000-5000000,Northeast,MA,25025,Suffolk
2021-04-14,271.28000496218925,2000000-5000000,Northeast,MA,25025,Suffolk
2021-04-21,209.23965229444744,2000000-5000000,Northeast,MA,25025,Suffolk
2021-04-28,146.57042360415014,2000000-5000000,Northeast,MA,25025,Suffolk
2021-05-05,102.05948733598493,2000000-5000000,Northeast,MA,25025,Suffolk
2021-05-12,69.62595677327873,2000000-5000000,Northeast,MA,25025,Suffolk
2021-05-19,50.628971560003606,2000000-5000000,Northeast,MA,25025,Suffolk
2021-05-26,38.50818233090498,2000000-5000000,Northeast,MA,25025,Suffolk
2021-06-02,28.980286643639065,2000000-5000000,Northeast,MA,25025,Suffolk
2021-06-09,26.426383576768647,2000000-5000000,Northeast,MA,25025,Suffolk
2020-05-20,17.53725300645244,200000-500000,Northeast,NJ,34039,Union
2020-05-27,13.707463870159808,200000-500000,Northeast,NJ,34039,Union
2020-06-03,7.959675014230261,200000-500000,Northeast,NJ,34039,Union
2020-06-10,7.959675014230261,200000-500000,Northeast,NJ,34039,Union
2020-06-17,12.550096619069176,200000-500000,Northeast,NJ,34039,Union
2020-07-01,23.903323287810768,200000-500000,Northeast,NJ,34039,Union
2020-07-08,27.828231338998854,200000-500000,Northeast,NJ,34039,Union
2020-07-22,24.930366541708175,200000-500000,Northeast,NJ,34039,Union
2020-08-05,10.978366616993116,200000-500000,Northeast,NJ,34039,Union
2020-08-19,13.514440269997031,200000-500000,Northeast,NJ,34039,Union
2020-09-02,12.111638776520586,200000-500000,Northeast,NJ,34039,Union
2020-09-16,23.27119920144378,200000-500000,Northeast,NJ,34039,Union
2020-09-30,40.72983170084232,200000-500000,Northeast,NJ,34039,Union
2020-10-14,70.26205126225771,200000-500000,Northeast,NJ,34039,Union
2020-10-28,262.93194049898693,200000-500000,Northeast,NJ,34039,Union
2020-11-11,439.8902219783231,200000-500000,Northeast,NJ,34039,Union
2020-12-09,546.8574753025497,200000-500000,Northeast,NJ,34039,Union
2020-12-23,764.41546710878,200000-500000,Northeast,NJ,34039,Union
2021-01-06,815.1032072059089,200000-500000,Northeast,NJ,34039,Union
2021-01-20,771.5914865836698,200000-500000,Northeast,NJ,34039,Union
2021-02-10,451.0086535899226,200000-500000,Northeast,NJ,34039,Union
2021-02-24,222.1094148598878,200000-500000,Northeast,NJ,34039,Union
2021-03-10,226.0029260164409,200000-500000,Northeast,NJ,34039,Union
2021-03-24,196.3487922383888,200000-500000,Northeast,NJ,34039,Union
2021-04-07,221.32373387467197,200000-500000,Northeast,NJ,34039,Union
2021-04-21,141.6784883454869,200000-500000,Northeast,NJ,34039,Union
2021-05-05,73.94364322541043,200000-500000,Northeast,NJ,34039,Union
2021-05-19,39.45345680865982,200000-500000,Northeast,NJ,34039,Union
2020-05-06,119.4836115331193,200000-500000,South,TN,47065,Hamilton
2020-05-20,295.99188044862905,200000-500000,South,TN,47065,Hamilton
2020-05-27,327.0201482308333,200000-500000,South,TN,47065,Hamilton
2020-06-24,320.19803387066975,200000-500000,South,TN,47065,Hamilton
2020-07-08,142.94782149432388,200000-500000,South,TN,47065,Hamilton
2020-07-22,181.34420547904065,200000-500000,South,TN,47065,Hamilton
2020-08-05,210.9715164805183,200000-500000,South,TN,47065,Hamilton
2020-08-19,223.74658782919252,200000-500000,South,TN,47065,Hamilton
2020-09-02,167.5616174650263,200000-500000,South,TN,47065,Hamilton
2020-09-16,67.12347638923912,200000-500000,South,TN,47065,Hamilton
2020-09-30,76.814593683232,200000-500000,South,TN,47065,Hamilton
2020-10-14,110.31746136545176,200000-500000,South,TN,47065,Hamilton
2020-10-28,319.7437163559718,200000-500000,South,TN,47065,Hamilton
2020-11-11,413.25384894402697,200000-500000,South,TN,47065,Hamilton
2020-11-25,715.9434430885476,200000-500000,South,TN,47065,Hamilton
2020-12-09,961.225822939265,200000-500000,South,TN,47065,Hamilton
2020-12-23,1166.804533557545,200000-500000,South,TN,47065,Hamilton
2021-01-06,967.0223337083588,200000-500000,South,TN,47065,Hamilton
2021-01-20,625.7241135152409,200000-500000,South,TN,47065,Hamilton
2021-02-03,282.00867743538066,200000-500000,South,TN,47065,Hamilton
2021-02-17,167.55808038187703,200000-500000,South,TN,47065,Hamilton
2021-03-03,85.16340800026387,200000-500000,South,TN,47065,Hamilton
2021-03-17,125.1570650434144,200000-500000,South,TN,47065,Hamilton
2021-03-31,125.78668707717544,200000-500000,South,TN,47065,Hamilton
2021-04-14,120.91716026624044,200000-500000,South,TN,47065,Hamilton
2021-04-28,69.29780034045923,200000-500000,South,TN,47065,Hamilton
2021-05-05,45.04741638687881,200000-500000,South,TN,47065,Hamilton
2021-05-12,37.59611246774758,200000-500000,South,TN,47065,Hamilton
2021-05-19,46.49087519348125,200000-500000,South,TN,47065,Hamilton
2021-05-26,64.11666167673069,200000-500000,South,TN,47065,Hamilton
2021-06-02,43.39895355268423,200000-500000,South,TN,47065,Hamilton
2021-06-09,43.80655633535348,200000-500000,South,TN,47065,Hamilton
2020-04-29,223.83820318774173,500000-1000000,South,KY,21111,Jefferson
2020-05-06,161.9269392448871,500000-1000000,South,KY,21111,Jefferson
2020-05-13,86.24265025269858,500000-1000000,South,KY,21111,Jefferson
2020-05-20,73.82565977702146,500000-1000000,South,KY,21111,Jefferson
2020-05-27,101.5146178609944,500000-1000000,South,KY,21111,Jefferson
2020-06-10,137.0879103519742,500000-1000000,South,KY,21111,Jefferson
2020-06-17,91.06579905900595,500000-1000000,South,KY,21111,Jefferson
2020-06-24,85.35431338458714,500000-1000000,South,KY,21111,Jefferson
2020-07-01,93.93402639320816,500000-1000000,South,KY,21111,Jefferson
2020-07-08,204.23713808241092,500000-1000000,South,KY,21111,Jefferson
2020-07-15,210.42623745510775,500000-1000000,South,KY,21111,Jefferson
2020-07-22,250.9413898194226,500000-1000000,South,KY,21111,Jefferson
2020-08-05,187.79109959762488,500000-1000000,South,KY,21111,Jefferson
2020-08-12,220.6093989582488,500000-1000000,South,KY,21111,Jefferson
2020-08-19,219.9024470166854,500000-1000000,South,KY,21111,Jefferson
2020-08-26,222.6544457248272,500000-1000000,South,KY,21111,Jefferson
2020-09-02,178.68970860122292,500000-1000000,South,KY,21111,Jefferson
2020-09-09,114.17522761258785,500000-1000000,South,KY,21111,Jefferson
2020-09-16,71.27660914104594,500000-1000000,South,KY,21111,Jefferson
2020-09-23,86.385514060284,500000-1000000,South,KY,21111,Jefferson
2020-09-30,108.42950401833684,500000-1000000,South,KY,21111,Jefferson
2020-10-07,173.58423107256093,500000-1000000,South,KY,21111,Jefferson
2020-10-14,205.34589117287464,500000-1000000,South,KY,21111,Jefferson
2020-10-21,257.49324819166446,500000-1000000,South,KY,21111,Jefferson
2020-11-04,325.6699516121534,500000-1000000,South,KY,21111,Jefferson
2020-11-11,470.82554853542416,500000-1000000,South,KY,21111,Jefferson
2020-11-18,551.3303576597206,500000-1000000,South,KY,21111,Jefferson
2020-11-25,554.916880369227,500000-1000000,South,KY,21111,Jefferson
2020-12-02,423.5283884472445,500000-1000000,South,KY,21111,Jefferson
2020-12-09,424.1328734937806,500000-1000000,South,KY,21111,Jefferson
2020-12-16,509.0191359160117,500000-1000000,South,KY,21111,Jefferson
2020-12-23,568.9157277759444,500000-1000000,South,KY,21111,Jefferson
2020-12-30,665.0473602099146,500000-1000000,South,KY,21111,Jefferson
2021-01-06,702.0163958209758,500000-1000000,South,KY,21111,Jefferson
2021-01-13,702.80655575761,500000-1000000,South,KY,21111,Jefferson
2021-01-20,526.1981050630664,500000-1000000,South,KY,21111,Jefferson
2021-01-27,374.69574795744,500000-1000000,South,KY,21111,Jefferson
2021-02-03,286.2980858909936,500000-1000000,South,KY,21111,Jefferson
2021-02-10,243.8515015410657,500000-1000000,South,KY,21111,Jefferson
2021-02-17,166.21969983947793,500000-1000000,South,KY,21111,Jefferson
2021-02-24,185.33333200161317,500000-1000000,South,KY,21111,Jefferson
2021-03-03,183.5922206712312,500000-1000000,South,KY,21111,Jefferson
2021-03-10,158.19849941782317,500000-1000000,South,KY,21111,Jefferson
2021-03-17,98.74804257019636,500000-1000000,South,KY,21111,Jefferson
2021-03-24,74.49530331606543,500000-1000000,South,KY,21111,Jefferson
2021-03-31,85.89241562881313,500000-1000000,South,KY,21111,Jefferson
2021-04-07,83.3304350828112,500000-1000000,South,KY,21111,Jefferson
2021-04-14,84.2893696219795,500000-1000000,South,KY,21111,Jefferson
2021-04-21,70.03409029734509,500000-1000000,South,KY,21111,Jefferson
2021-05-05,67.24136645091285,500000-1000000,South,KY,21111,Jefferson
2021-05-12,59.87543894016218,500000-1000000,South,KY,21111,Jefferson
2021-05-19,45.5730256033068,500000-1000000,South,KY,21111,Jefferson
2021-05-26,32.9519805784103,500000-1000000,South,KY,21111,Jefferson
2021-06-02,36.760873313223634,500000-1000000,South,KY,21111,Jefferson
2021-06-09,41.35170415511604,500000-1000000,South,KY,21111,Jefferson
2020-04-29,188.6570689560659,2000000-5000000,South,FL,12086,Miami-Dade
2020-05-06,151.98390151196696,2000000-5000000,South,FL,12086,Miami-Dade
2020-05-13,158.1164242341204,2000000-5000000,South,FL,12086,Miami-Dade
2020-05-20,50.32640590517886,2000000-5000000,South,FL,12086,Miami-Dade
2020-05-27,80.35936707170701,2000000-5000000,South,FL,12086,Miami-Dade
2020-06-03,176.29890398703984,2000000-5000000,South,FL,12086,Miami-Dade
2020-06-10,259.3097611205666,2000000-5000000,South,FL,12086,Miami-Dade
2020-06-17,283.49921285145564,2000000-5000000,South,FL,12086,Miami-Dade
2020-06-24,443.1873353565992,2000000-5000000,South,FL,12086,Miami-Dade
2020-07-01,576.3682917468176,2000000-5000000,South,FL,12086,Miami-Dade
2020-07-08,845.0181592640309,2000000-5000000,South,FL,12086,Miami-Dade
2020-07-15,759.1650781247267,2000000-5000000,South,FL,12086,Miami-Dade
2020-07-22,673.2527736187704,2000000-5000000,South,FL,12086,Miami-Dade
2020-07-29,436.646921674132,2000000-5000000,South,FL,12086,Miami-Dade
2020-08-05,321.3505410783741,2000000-5000000,South,FL,12086,Miami-Dade
2020-08-12,217.90897900980528,2000000-5000000,South,FL,12086,Miami-Dade
2020-08-19,143.33408785382684,2000000-5000000,South,FL,12086,Miami-Dade
2020-08-26,109.90381234035344,2000000-5000000,South,FL,12086,Miami-Dade
2020-09-02,92.55699545614662,2000000-5000000,South,FL,12086,Miami-Dade
2020-09-09,75.30400006600826,2000000-5000000,South,FL,12086,Miami-Dade
2020-09-16,64.60873322248692,2000000-5000000,South,FL,12086,Miami-Dade
2020-09-23,55.97899514610947,2000000-5000000,South,FL,12086,Miami-Dade
2020-09-30,59.24620377408602,2000000-5000000,South,FL,12086,Miami-Dade
2020-10-07,54.90571973929728,2000000-5000000,South,FL,12086,Miami-Dade
2020-10-14,81.02885581601647,2000000-5000000,South,FL,12086,Miami-Dade
2020-10-21,93.79830132187745,2000000-5000000,South,FL,12086,Miami-Dade
2020-10-28,146.29161796230602,2000000-5000000,South,FL,12086,Miami-Dade
2020-11-04,183.7941248568953,2000000-5000000,South,FL,12086,Miami-Dade
2020-11-11,259.101507428926,2000000-5000000,South,FL,12086,Miami-Dade
2020-11-18,504.01187095292926,2000000-5000000,South,FL,12086,Miami-Dade
2020-11-25,549.6456168182168,2000000-5000000,South,FL,12086,Miami-Dade
2020-12-02,644.9161774243543,2000000-5000000,South,FL,12086,Miami-Dade
2020-12-09,511.5185872476971,2000000-5000000,South,FL,12086,Miami-Dade
2020-12-16,556.1263901470574,2000000-5000000,South,FL,12086,Miami-Dade
2020-12-23,473.1604570927904,1000000-2000000,South,FL,12086,Miami-Dade
2020-12-30,550.9587043795245,2000000-5000000,South,FL,12086,Miami-Dade
2021-01-06,544.9257416442023,2000000-5000000,South,FL,12086,Miami-Dade
2021-01-13,576.6863319320364,2000000-5000000,South,FL,12086,Miami-Dade
2021-01-20,425.981815989356,2000000-5000000,South,FL,12086,Miami-Dade
2021-01-27,335.2222769219866,2000000-5000000,South,FL,12086,Miami-Dade
2021-02-03,234.54711738137144,2000000-5000000,South,FL,12086,Miami-Dade
2021-02-10,168.97546195615828,2000000-5000000,South,FL,12086,Miami-Dade
2021-02-17,145.77711767017567,2000000-5000000,South,FL,12086,Miami-Dade
2021-02-24,149.19368308624507,2000000-5000000,South,FL,12086,Miami-Dade
2021-03-03,200.2598026265116,2000000-5000000,South,FL,12086,Miami-Dade
2021-03-10,189.41910723571684,2000000-5000000,South,FL,12086,Miami-Dade
2021-03-17,187.4397135496205,2000000-5000000,South,FL,12086,Miami-Dade
2021-03-24,173.66453084017166,2000000-5000000,South,FL,12086,Miami-Dade
2021-03-31,216.4058008047917,2000000-5000000,South,FL,12086,Miami-Dade
2021-04-07,214.6768555421971,2000000-5000000,South,FL,12086,Miami-Dade
2021-04-14,171.43101201608454,2000000-5000000,South,FL,12086,Miami-Dade
2021-04-21,143.08640534985162,2000000-5000000,South,FL,12086,Miami-Dade
2021-04-28,109.02202522075952,2000000-5000000,South,FL,12086,Miami-Dade
2021-05-05,100.1827096284748,2000000-5000000,South,FL,12086,Miami-Dade
2021-05-12,72.9306403947332,2000000-5000000,South,FL,12086,Miami-Dade
2021-05-19,67.35622988536173,2000000-5000000,South,FL,12086,Miami-Dade
2021-05-26,50.04840123449466,2000000-5000000,South,FL,12086,Miami-Dade
2021-06-02,67.04986226611724,2000000-5000000,South,FL,12086,Miami-Dade
2021-06-09,77.39290095066939,2000000-5000000,South,FL,12086,Miami-Dade
2020-08-05,366.7531646074216,200000-500000,South,TN,47157,Shelby
2020-08-12,290.953991263672,200000-500000,South,TN,47157,Shelby
2020-08-19,109.27749444021816,200000-500000,South,TN,47157,Shelby
2020-08-26,117.4804285199338,200000-500000,South,TN,47157,Shelby
2020-09-02,105.8255826955222,200000-500000,South,TN,47157,Shelby
2020-09-09,85.57587599580715,200000-500000,South,TN,47157,Shelby
2020-09-16,86.09856896577942,200000-500000,South,TN,47157,Shelby
2020-09-23,71.62645715922689,200000-500000,South,TN,47157,Shelby
2020-09-30,89.25174625218098,200000-500000,South,TN,47157,Shelby
2020-10-07,94.63281361992104,200000-500000,South,TN,47157,Shelby
2020-10-14,138.10944700099927,200000-500000,South,TN,47157,Shelby
2020-10-21,141.18275140292403,200000-500000,South,TN,47157,Shelby
2020-10-28,141.16834146547515,200000-500000,South,TN,47157,Shelby
2020-11-04,178.35885603667705,200000-500000,South,TN,47157,Shelby
2020-11-11,382.3016923104001,200000-500000,South,TN,47157,Shelby
2020-11-18,655.6304562686909,200000-500000,South,TN,47157,Shelby
2020-12-02,803.6901180436618,200000-500000,South,TN,47157,Shelby
2020-12-09,809.587061274332,200000-500000,South,TN,47157,Shelby
2020-12-16,820.0926279004307,200000-500000,South,TN,47157,Shelby
2021-01-06,643.3937236955427,200000-500000,South,TN,47157,Shelby
2021-01-13,564.1184328531846,200000-500000,South,TN,47157,Shelby
2021-01-20,323.0242561421341,200000-500000,South,TN,47157,Shelby
2021-01-27,278.94661146534844,200000-500000,South,TN,47157,Shelby
2021-02-03,167.54484733526513,200000-500000,South,TN,47157,Shelby
2021-02-10,114.74533191467305,200000-500000,South,TN,47157,Shelby
2021-02-17,106.56386842840176,200000-500000,South,TN,47157,Shelby
2021-04-28,66.65638966607736,500000-1000000,South,TN,47157,Shelby
2021-05-05,49.69588604186857,500000-1000000,South,TN,47157,Shelby
2021-05-12,38.922500205577286,500000-1000000,South,TN,47157,Shelby
2021-05-19,18.50950343670804,500000-1000000,South,TN,47157,Shelby
2021-05-26,16.444353885233905,500000-1000000,South,TN,47157,Shelby
2021-06-02,19.237420764797523,500000-1000000,South,TN,47157,Shelby
2021-06-09,28.856131147196283,500000-1000000,South,TN,47157,Shelby
2020-04-29,762.6399366129222,50000-100000,South,VA,51179,Stafford
2020-05-06,764.7807031798924,50000-100000,South,VA,51179,Stafford
2020-05-13,579.1140870857789,100000-200000,South,VA,51179,Stafford
2020-05-20,358.7631474273819,100000-200000,South,VA,51179,Stafford
2020-06-10,180.7522778901929,100000-200000,South,VA,51179,Stafford
2020-08-12,169.7204276338322,100000-200000,South,VA,51179,Stafford
2020-08-19,205.8888761486013,100000-200000,South,VA,51179,Stafford
2020-08-26,157.81870005037328,100000-200000,South,VA,51179,Stafford
2020-09-02,166.25199042940298,100000-200000,South,VA,51179,Stafford
2020-09-09,112.85378445408418,100000-200000,South,VA,51179,Stafford
2020-09-16,101.84054543950704,100000-200000,South,VA,51179,Stafford
2020-09-23,72.13307504808323,100000-200000,South,VA,51179,Stafford
2020-09-30,62.28836446715786,100000-200000,South,VA,51179,Stafford
2020-10-07,103.94994167707388,100000-200000,South,VA,51179,Stafford
2020-10-14,130.43872265206082,100000-200000,South,VA,51179,Stafford
2020-10-21,163.21727359510987,100000-200000,South,VA,51179,Stafford
2020-10-28,156.36489202219457,100000-200000,South,VA,51179,Stafford
2020-11-04,224.99527960152395,100000-200000,South,VA,51179,Stafford
2020-11-11,330.3990130227596,100000-200000,South,VA,51179,Stafford
2020-11-18,449.7767303865484,100000-200000,South,VA,51179,Stafford
2020-11-25,522.3513955290169,100000-200000,South,VA,51179,Stafford
2020-12-02,523.6022559408095,100000-200000,South,VA,51179,Stafford
2020-12-09,612.4782884154064,100000-200000,South,VA,51179,Stafford
2020-12-16,653.8390144173119,100000-200000,South,VA,51179,Stafford
2020-12-23,809.0490696004422,100000-200000,South,VA,51179,Stafford
2020-12-30,983.7132229898656,100000-200000,South,VA,51179,Stafford
2021-01-06,1395.9343602316064,100000-200000,South,VA,51179,Stafford
2021-01-13,1376.2366896835892,100000-200000,South,VA,51179,Stafford
2021-01-20,1194.7590454844467,100000-200000,South,VA,51179,Stafford
2021-01-27,791.3625522391139,100000-200000,South,VA,51179,Stafford
2021-02-03,611.549366891228,100000-200000,South,VA,51179,Stafford
2021-02-10,412.5453667926713,100000-200000,South,VA,51179,Stafford
2021-02-17,249.08259721548475,100000-200000,South,VA,51179,Stafford
2021-02-24,206.2863558488486,100000-200000,South,VA,51179,Stafford
2021-03-03,224.97927633539223,100000-200000,South,VA,51179,Stafford
2021-03-10,231.82630333425416,100000-200000,South,VA,51179,Stafford
2021-03-17,275.76802342499576,100000-200000,South,VA,51179,Stafford
2021-03-24,252.0845514773472,100000-200000,South,VA,51179,Stafford
2021-03-31,257.4467704731175,100000-200000,South,VA,51179,Stafford
2021-04-07,267.9729237016465,100000-200000,South,VA,51179,Stafford
2021-04-14,345.49682964860966,100000-200000,South,VA,51179,Stafford
2021-04-21,303.24370960658604,100000-200000,South,VA,51179,Stafford
2021-04-28,217.65178846686516,100000-200000,South,VA,51179,Stafford
2021-05-05,99.94413161805043,100000-200000,South,VA,51179,Stafford
2021-05-12,73.73886530987393,100000-200000,South,VA,51179,Stafford
2021-05-19,39.3074282456539,100000-200000,South,VA,51179,Stafford
2021-05-26,43.43407551487394,100000-200000,South,VA,51179,Stafford
2021-06-02,50.348293592498,100000-200000,South,VA,51179,Stafford
2021-06-09,62.700912665354096,100000-200000,South,VA,51179,Stafford
2020-04-29,255.2162511270518,200000-500000,West,CO,08005,Arapahoe
2020-05-06,179.32123745347144,500000-1000000,West,CO,08005,Arapahoe
2020-05-13,113.63332497847914,500000-1000000,West,CO,08005,Arapahoe
2020-05-20,55.67192493978488,500000-1000000,West,CO,08005,Arapahoe
2020-05-27,66.02656365751243,500000-1000000,West,CO,08005,Arapahoe
2020-06-03,66.48843203132513,500000-1000000,West,CO,08005,Arapahoe
2020-06-10,57.4670202503091,500000-1000000,West,CO,08005,Arapahoe
2020-06-17,43.68973525394836,500000-1000000,West,CO,08005,Arapahoe
2020-06-24,27.040568239100107,500000-1000000,West,CO,08005,Arapahoe
2020-07-01,30.23997765034872,200000-500000,West,CO,08005,Arapahoe
2020-07-08,47.7443909695677,200000-500000,West,CO,08005,Arapahoe
2020-07-29,52.2952247122054,200000-500000,West,CO,08005,Arapahoe
2020-08-05,38.34217944722865,200000-500000,West,CO,08005,Arapahoe
2020-08-12,27.168255169936543,200000-500000,West,CO,08005,Arapahoe
2020-08-26,32.15898409660459,200000-500000,West,CO,08005,Arapahoe
2020-09-09,30.79053969685309,200000-500000,West,CO,08005,Arapahoe
2020-09-16,31.140250745851517,200000-500000,West,CO,08005,Arapahoe
2020-09-23,50.4862387671225,200000-500000,West,CO,08005,Arapahoe
2020-09-30,84.78800747157868,200000-500000,West,CO,08005,Arapahoe
2020-10-07,105.86411702470704,200000-500000,West,CO,08005,Arapahoe
2020-10-14,144.15382968948236,200000-500000,West,CO,08005,Arapahoe
2020-10-21,180.40688671534983,200000-500000,West,CO,08005,Arapahoe
2020-10-28,320.6593901646807,200000-500000,West,CO,08005,Arapahoe
2020-11-04,506.2410704265199,200000-500000,West,CO,08005,Arapahoe
2020-11-11,615.5447005662113,200000-500000,West,CO,08005,Arapahoe
2020-11-18,529.9463435322094,200000-500000,West,CO,08005,Arapahoe
2020-11-25,370.9673994961779,200000-500000,West,CO,08005,Arapahoe
2020-12-02,293.0820297772825,200000-500000,West,CO,08005,Arapahoe
2020-12-09,340.94680185282226,200000-500000,West,CO,08005,Arapahoe
2020-12-16,325.6709583658291,200000-500000,West,CO,08005,Arapahoe
2020-12-23,262.80894026792845,200000-500000,West,CO,08005,Arapahoe
2021-01-20,165.8993228262884,200000-500000,West,CO,08005,Arapahoe
2021-01-27,111.3502153233112,200000-500000,West,CO,08005,Arapahoe
2021-02-03,91.27397997061048,200000-500000,West,CO,08005,Arapahoe
2021-02-17,70.64226639027949,200000-500000,West,CO,08005,Arapahoe
2021-02-24,57.657934557963806,200000-500000,West,CO,08005,Arapahoe
2021-03-03,56.19571165040483,200000-500000,West,CO,08005,Arapahoe
2021-03-17,84.3375170253169,200000-500000,West,CO,08005,Arapahoe
2021-03-24,112.1052124101335,200000-500000,West,CO,08005,Arapahoe
2021-03-31,121.79653431041868,200000-500000,West,CO,08005,Arapahoe
2021-04-07,118.87742071017472,200000-500000,West,CO,08005,Arapahoe
2021-04-14,132.25623916217947,200000-500000,West,CO,08005,Arapahoe
2021-04-21,146.05598696225357,200000-500000,West,CO,08005,Arapahoe
2021-04-28,134.1497877370838,200000-500000,West,CO,08005,Arapahoe
2021-05-05,90.9364894556586,200000-500000,West,CO,08005,Arapahoe
2021-05-12,74.9735962330274,200000-500000,West,CO,08005,Arapahoe
2021-05-19,59.05535431772929,200000-500000,West,CO,08005,Arapahoe
2021-06-02,66.49291202259131,200000-500000,West,CO,08005,Arapahoe
2020-05-06,0.0,20000-50000,West,NV,32007,Elko
2020-05-13,0.0,20000-50000,West,NV,32007,Elko
2020-05-20,0.0,20000-50000,West,NV,32007,Elko
2020-05-27,35.64489754682622,20000-50000,West,NV,32007,Elko
2020-06-03,51.53589309649363,20000-50000,West,NV,32007,Elko
2020-06-10,51.53589309649363,20000-50000,West,NV,32007,Elko
2020-06-17,31.76343322731891,20000-50000,West,NV,32007,Elko
2020-06-24,39.65266453624016,20000-50000,West,NV,32007,Elko
2020-07-01,72.88620607138252,20000-50000,West,NV,32007,Elko
2020-07-08,97.04632749315113,20000-50000,West,NV,32007,Elko
2020-07-15,121.11499397137294,20000-50000,West,NV,32007,Elko
2020-07-22,176.58291825089205,20000-50000,West,NV,32007,Elko
2020-07-29,224.90452802296568,20000-50000,West,NV,32007,Elko
2020-08-05,343.88326306416656,20000-50000,West,NV,32007,Elko
2020-08-12,308.34051704924195,20000-50000,West,NV,32007,Elko
2020-08-19,247.91080640175383,20000-50000,West,NV,32007,Elko
2020-08-26,118.92841181452592,20000-50000,West,NV,32007,Elko
2020-09-02,88.77316509903842,20000-50000,West,NV,32007,Elko
2020-09-09,87.78062437368878,20000-50000,West,NV,32007,Elko
2020-09-16,75.74248597821851,20000-50000,West,NV,32007,Elko
2020-09-23,86.98186661202566,20000-50000,West,NV,32007,Elko
2020-09-30,88.55292185627873,20000-50000,West,NV,32007,Elko
2020-10-07,82.57591302644988,20000-50000,West,NV,32007,Elko
2020-10-14,161.78183178674658,20000-50000,West,NV,32007,Elko
2020-10-21,274.59072812331897,20000-50000,West,NV,32007,Elko
2020-10-28,441.100272480465,20000-50000,West,NV,32007,Elko
2020-11-04,876.4843698907613,20000-50000,West,NV,32007,Elko
2020-11-11,1336.0765041264287,20000-50000,West,NV,32007,Elko
2020-11-18,1227.1122018714548,20000-50000,West,NV,32007,Elko
2020-11-25,1058.5756855831362,20000-50000,West,NV,32007,Elko
2020-12-02,724.6707821414485,20000-50000,West,NV,32007,Elko
2020-12-09,938.5396604832472,20000-50000,West,NV,32007,Elko
2020-12-16,896.7986787231238,20000-50000,West,NV,32007,Elko
2020-12-23,724.8594082735966,20000-50000,West,NV,32007,Elko
2020-12-30,670.1336691274795,20000-50000,West,NV,32007,Elko
2021-01-06,352.2414928744024,20000-50000,West,NV,32007,Elko
2021-01-13,283.2124145449686,20000-50000,West,NV,32007,Elko
2021-01-20,183.76934963295295,20000-50000,West,NV,32007,Elko
2021-01-27,282.89162998154103,20000-50000,West,NV,32007,Elko
2021-02-03,382.53100735009735,20000-50000,West,NV,32007,Elko
2021-02-10,264.3300543567384,20000-50000,West,NV,32007,Elko
2021-02-17,165.20775533114372,20000-50000,West,NV,32007,Elko
2021-02-24,57.19712641605127,20000-50000,West,NV,32007,Elko
2021-03-03,58.4719321686081,20000-50000,West,NV,32007,Elko
2021-03-10,42.56967921359251,20000-50000,West,NV,32007,Elko
2021-03-17,39.88861409594606,20000-50000,West,NV,32007,Elko
2021-03-24,29.900992682478016,20000-50000,West,NV,32007,Elko
2021-03-31,30.377102393962048,20000-50000,West,NV,32007,Elko
2021-04-07,35.682020886483905,20000-50000,West,NV,32007,Elko
2021-04-14,42.45281123330719,20000-50000,West,NV,32007,Elko
2021-04-21,75.90509443725065,20000-50000,West,NV,32007,Elko
2021-04-28,62.9918701236303,20000-50000,West,NV,32007,Elko
2021-05-05,62.764107145570335,20000-50000,West,NV,32007,Elko
2021-05-12,130.70167667296997,20000-50000,West,NV,32007,Elko
2021-05-19,271.81491366351673,20000-50000,West,NV,32007,Elko
2021-05-26,273.1384522269002,20000-50000,West,NV,32007,Elko
2021-06-02,180.601737576922,20000-50000,West,NV,32007,Elko
2021-06-09,48.17755796573388,20000-50000,West,NV,32007,Elko
2020-07-29,161.14476062531128,100000-200000,West,OR,41029,Jackson
2020-08-05,145.33510462502912,100000-200000,West,OR,41029,Jackson
2020-08-12,140.57113622351108,100000-200000,West,OR,41029,Jackson
2020-08-19,190.20885215461877,100000-200000,West,OR,41029,Jackson
2020-08-26,207.63422686227932,100000-200000,West,OR,41029,Jackson
2020-09-02,202.1455840052024,100000-200000,West,OR,41029,Jackson
2020-09-09,99.05596884978168,50000-100000,West,OR,41029,Jackson
2020-09-16,63.85800305843052,100000-200000,West,OR,41029,Jackson
2020-09-23,73.0660882856563,50000-100000,West,OR,41029,Jackson
2020-09-30,114.54425767017096,100000-200000,West,OR,41029,Jackson
2020-10-07,331.979350470763,100000-200000,West,OR,41029,Jackson
2020-10-14,528.3569129565462,100000-200000,West,OR,41029,Jackson
2020-10-21,538.4508353976873,100000-200000,West,OR,41029,Jackson
2020-10-28,501.8783200658839,100000-200000,West,OR,41029,Jackson
2020-11-04,400.2369677742688,100000-200000,West,OR,41029,Jackson
2020-11-11,651.1997912738046,100000-200000,West,OR,41029,Jackson
2020-11-18,628.3229978917867,100000-200000,West,OR,41029,Jackson
2020-11-25,718.0753092779851,100000-200000,West,OR,41029,Jackson
2020-12-02,520.5094731580041,100000-200000,West,OR,41029,Jackson
2020-12-09,622.6990685551724,100000-200000,West,OR,41029,Jackson
2020-12-16,828.0994999973991,100000-200000,West,OR,41029,Jackson
2020-12-23,863.9722768012007,100000-200000,West,OR,41029,Jackson
2020-12-30,749.4142792285598,100000-200000,West,OR,41029,Jackson
2021-01-06,460.5187675493209,100000-200000,West,OR,41029,Jackson
2021-01-13,480.31900251868046,100000-200000,West,OR,41029,Jackson
2021-01-20,471.853421224377,100000-200000,West,OR,41029,Jackson
2020-05-06,0.0,10000-20000,West,CA,06053,Monterey
2020-05-13,0.0,10000-20000,West,CA,06053,Monterey
2020-05-20,0.0,10000-20000,West,CA,06053,Monterey
2020-05-27,0.0,10000-20000,West,CA,06053,Monterey
2020-06-03,0.0,10000-20000,West,CA,06053,Monterey
2020-06-10,53.06024880677737,10000-20000,West,CA,06053,Monterey
2020-06-17,63.35291490621712,10000-20000,West,CA,06053,Monterey
2020-06-24,71.0013862974257,10000-20000,West,CA,06053,Monterey
2020-07-01,32.77169213433833,10000-20000,West,CA,06053,Monterey
2020-07-08,26.088241006516935,10000-20000,West,CA,06053,Monterey
2020-07-15,94.27576171341224,10000-20000,West,CA,06053,Monterey
2020-07-22,81.06589109595338,10000-20000,West,CA,06053,Monterey
2020-07-29,79.3983799178883,10000-20000,West,CA,06053,Monterey
2020-08-05,5.583568507818469,10000-20000,West,CA,06053,Monterey
2020-08-12,5.457485496817583,10000-20000,West,CA,06053,Monterey
2020-08-19,3.772375342199284,10000-20000,West,CA,06053,Monterey
2020-08-26,2.4217706067442517,10000-20000,West,CA,06053,Monterey
2020-09-02,8.103786097632629,10000-20000,West,CA,06053,Monterey
2020-09-09,14.485478200534722,10000-20000,West,CA,06053,Monterey
2020-09-16,13.8149022479557,10000-20000,West,CA,06053,Monterey
2020-09-23,6.938961604680844,10000-20000,West,CA,06053,Monterey
2020-09-30,0.3006758628437649,10000-20000,West,CA,06053,Monterey
2020-10-07,2.0054256942885025,10000-20000,West,CA,06053,Monterey
2020-10-14,8.617090551007008,10000-20000,West,CA,06053,Monterey
2020-10-21,11.584430611255272,10000-20000,West,CA,06053,Monterey
2020-10-28,35.220870911212934,10000-20000,West,CA,06053,Monterey
2020-11-04,31.161058315016124,10000-20000,West,CA,06053,Monterey
2020-11-11,32.31576919115437,10000-20000,West,CA,06053,Monterey
2020-11-18,47.42940236948954,10000-20000,West,CA,06053,Monterey
2020-11-25,139.3727197892538,10000-20000,West,CA,06053,Monterey
2020-12-02,166.6841001856638,10000-20000,West,CA,06053,Monterey
2020-12-09,142.3435640342162,10000-20000,West,CA,06053,Monterey
2020-12-16,84.82687311891043,10000-20000,West,CA,06053,Monterey
2020-12-23,102.83884456409834,10000-20000,West,CA,06053,Monterey
2020-12-30,145.4892179268717,10000-20000,West,CA,06053,Monterey
2021-01-06,138.9381871556537,10000-20000,West,CA,06053,Monterey
2021-01-13,128.27448949921808,10000-20000,West,CA,06053,Monterey
2021-01-20,79.94994534833197,20000-50000,West,CA,06053,Monterey
2021-01-27,57.97723943251484,20000-50000,West,CA,06053,Monterey
2021-02-03,50.70559077383206,10000-20000,West,CA,06053,Monterey
2021-02-10,41.96875878788979,20000-50000,West,CA,06053,Monterey
2021-02-17,35.117860861273066,20000-50000,West,CA,06053,Monterey
2021-02-24,6.220653571719606,20000-50000,West,CA,06053,Monterey
2021-03-03,7.222122257132995,20000-50000,West,CA,06053,Monterey
2021-03-10,7.328792021045259,20000-50000,West,CA,06053,Monterey
2021-03-17,12.853206646726584,20000-50000,West,CA,06053,Monterey
2021-03-24,12.131899590094754,20000-50000,West,CA,06053,Monterey
2021-03-31,31.565114051030125,20000-50000,West,CA,06053,Monterey
2021-04-07,27.99219537302625,10000-20000,West,CA,06053,Monterey
2021-04-14,26.66239215590868,10000-20000,West,CA,06053,Monterey
2021-04-21,6.670119360530397,20000-50000,West,CA,06053,Monterey
2021-04-28,7.710417084613279,10000-20000,West,CA,06053,Monterey
2021-05-05,7.746854934015584,20000-50000,West,CA,06053,Monterey
2021-05-12,6.732419213813472,20000-50000,West,CA,06053,Monterey
2021-05-19,1.1277763687405982,20000-50000,West,CA,06053,Monterey
2021-05-26,4.038244619530043,20000-50000,West,CA,06053,Monterey
2021-06-02,5.525517406823554,10000-20000,West,CA,06053,Monterey
2021-06-09,8.288276110235332,10000-20000,West,CA,06053,Monterey
2020-04-29,87.85373176538089,500000-1000000,West,OR,41051,Multnomah
2020-05-06,82.43941513976124,500000-1000000,West,OR,41051,Multnomah
2020-06-24,116.21279701911892,500000-1000000,West,OR,41051,Multnomah
2020-07-22,102.07523663993592,500000-1000000,West,OR,41051,Multnomah
2020-07-29,115.36411480774213,500000-1000000,West,OR,41051,Multnomah
2020-08-05,108.80025244710338,500000-1000000,West,OR,41051,Multnomah
2020-08-12,88.23828047896211,500000-1000000,West,OR,41051,Multnomah
2020-08-19,71.22653877943439,500000-1000000,West,OR,41051,Multnomah
2020-09-02,87.3400142564844,500000-1000000,West,OR,41051,Multnomah
2020-09-09,81.36910999574921,500000-1000000,West,OR,41051,Multnomah
2020-09-16,76.88937329432589,500000-1000000,West,OR,41051,Multnomah
2020-09-23,48.1344528499092,500000-1000000,West,OR,41051,Multnomah
2020-09-30,54.5755218867773,500000-1000000,West,OR,41051,Multnomah
2020-10-07,65.70773470162798,500000-1000000,West,OR,41051,Multnomah
2020-10-14,95.93170634680727,500000-1000000,West,OR,41051,Multnomah
2020-10-21,121.71523436477064,500000-1000000,West,OR,41051,Multnomah
2020-10-28,116.79818793116632,500000-1000000,West,OR,41051,Multnomah
2020-11-04,178.0277989272356,500000-1000000,West,OR,41051,Multnomah
2020-11-18,294.5156547624354,500000-1000000,West,OR,41051,Multnomah
2020-11-25,413.78980040643097,500000-1000000,West,OR,41051,Multnomah
2020-12-02,478.8259238801572,500000-1000000,West,OR,41051,Multnomah
2020-12-09,439.81506343551126,500000-1000000,West,OR,41051,Multnomah
2020-12-16,447.9871365208603,500000-1000000,West,OR,41051,Multnomah
2020-04-29,0.0,50000-100000,West,CA,06061,Placer
2020-05-06,0.0,50000-100000,West,CA,06061,Placer
2020-05-13,0.0,50000-100000,West,CA,06061,Placer
2020-05-20,6.878321139929237,50000-100000,West,CA,06061,Placer
2020-05-27,37.81942437266216,50000-100000,West,CA,06061,Placer
2020-06-03,47.997375986028366,50000-100000,West,CA,06061,Placer
2020-06-10,185.2175102219295,50000-100000,West,CA,06061,Placer
2020-06-17,181.65049059260105,50000-100000,West,CA,06061,Placer
2020-06-24,206.5820394938602,50000-100000,West,CA,06061,Placer
2020-07-01,83.7100464026646,50000-100000,West,CA,06061,Placer
2020-07-08,71.85434301724764,50000-100000,West,CA,06061,Placer
2020-07-15,76.8991728225829,50000-100000,West,CA,06061,Placer
2020-07-22,64.99891025399293,50000-100000,West,CA,06061,Placer
2020-07-29,67.39212106813741,50000-100000,West,CA,06061,Placer
2020-08-05,45.70038974882738,50000-100000,West,CA,06061,Placer
2020-08-12,51.28020445520102,50000-100000,West,CA,06061,Placer
2020-08-19,56.78877514818327,50000-100000,West,CA,06061,Placer
2020-08-26,53.46827094602586,50000-100000,West,CA,06061,Placer
2020-09-02,53.71660556245488,50000-100000,West,CA,06061,Placer
2020-09-09,38.93688105122332,50000-100000,West,CA,06061,Placer
2020-09-16,33.64443668246705,50000-100000,West,CA,06061,Placer
2020-09-23,23.90378668605085,50000-100000,West,CA,06061,Placer
2020-09-30,29.07283140102165,50000-100000,West,CA,06061,Placer
2020-10-07,29.833346645912485,50000-100000,West,CA,06061,Placer
2020-10-14,59.14261469316358,50000-100000,West,CA,06061,Placer
2020-10-21,57.47475274210353,50000-100000,West,CA,06061,Placer
2020-10-28,57.94032647664272,50000-100000,West,CA,06061,Placer
2020-11-04,76.20486480543255,50000-100000,West,CA,06061,Placer
2020-11-11,148.00704715978372,50000-100000,West,CA,06061,Placer
2020-11-18,321.2749277408124,50000-100000,West,CA,06061,Placer
2020-11-25,458.64341190896585,50000-100000,West,CA,06061,Placer
2020-12-02,693.1178143793426,50000-100000,West,CA,06061,Placer
2020-12-09,893.6048238254599,50000-100000,West,CA,06061,Placer
2020-12-16,741.6374082690962,50000-100000,West,CA,06061,Placer
2020-12-23,735.4254974353709,50000-100000,West,CA,06061,Placer
2020-12-30,583.3572369121188,50000-100000,West,CA,06061,Placer
2021-01-06,803.5460436956287,50000-100000,West,CA,06061,Placer
2021-01-13,539.1900762461066,50000-100000,West,CA,06061,Placer
2021-01-20,396.7958247352088,50000-100000,West,CA,06061,Placer
2021-01-27,193.26952816893632,50000-100000,West,CA,06061,Placer
2021-02-03,188.56039475481387,50000-100000,West,CA,06061,Placer
2021-02-10,110.41617097551602,50000-100000,West,CA,06061,Placer
2021-02-17,84.70190756207894,50000-100000,West,CA,06061,Placer
2021-02-24,55.56163612952368,50000-100000,West,CA,06061,Placer
2021-03-03,52.48682952018095,50000-100000,West,CA,06061,Placer
2021-03-10,31.919218668735187,50000-100000,West,CA,06061,Placer
2021-03-17,31.16167113019854,50000-100000,West,CA,06061,Placer
2021-03-24,39.10062267949783,50000-100000,West,CA,06061,Placer
2021-03-31,41.49571513406624,50000-100000,West,CA,06061,Placer
2021-04-07,45.99498006620882,50000-100000,West,CA,06061,Placer
2021-04-14,45.49461798012038,50000-100000,West,CA,06061,Placer
2021-04-21,45.66221004162852,50000-100000,West,CA,06061,Placer
2021-04-28,35.70381572005254,50000-100000,West,CA,06061,Placer
2021-05-05,32.95724813217469,50000-100000,West,CA,06061,Placer
2021-05-12,25.11464564442161,50000-100000,West,CA,06061,Placer
2021-05-19,29.140509948390207,50000-100000,West,CA,06061,Placer
2021-05-26,28.000165813539013,50000-100000,West,CA,06061,Placer
2021-06-02,79.19102281146513,50000-100000,West,CA,06061,Placer
2021-06-09,101.07137064430574,50000-100000,West,CA,06061,Placer
2020-08-12,101.05711786588864,1000000-2000000,West,CA,06067,Sacramento
2020-08-19,94.50847552278184,1000000-2000000,West,CA,06067,Sacramento
2020-08-26,86.8457633729974,1000000-2000000,West,CA,06067,Sacramento
2020-09-02,91.15332258658482,1000000-2000000,West,CA,06067,Sacramento
2020-09-09,97.7357428356708,1000000-2000000,West,CA,06067,Sacramento
2020-09-16,77.42060144381749,1000000-2000000,West,CA,06067,Sacramento
2020-09-23,70.43143618661237,1000000-2000000,West,CA,06067,Sacramento
2020-09-30,48.26948143785874,1000000-2000000,West,CA,06067,Sacramento
2020-10-07,40.757378853102864,1000000-2000000,West,CA,06067,Sacramento
2020-10-14,37.194031490222535,1000000-2000000,West,CA,06067,Sacramento
2020-10-21,55.46204802982894,1000000-2000000,West,CA,06067,Sacramento
2020-10-28,63.923432226690544,1000000-2000000,West,CA,06067,Sacramento
2020-11-04,105.40599534528464,1000000-2000000,West,CA,06067,Sacramento
2020-11-11,165.7794429683631,1000000-2000000,West,CA,06067,Sacramento
2020-11-18,265.5800822321364,1000000-2000000,West,CA,06067,Sacramento
2020-11-25,376.78877482870985,1000000-2000000,West,CA,06067,Sacramento
2020-12-02,403.6331533026205,1000000-2000000,West,CA,06067,Sacramento
2020-12-09,510.7291703870856,1000000-2000000,West,CA,06067,Sacramento
2020-12-16,499.0500556867085,1000000-2000000,West,CA,06067,Sacramento
2020-12-23,549.8029758999696,1000000-2000000,West,CA,06067,Sacramento
2021-01-06,483.1123585897392,1000000-2000000,West,CA,06067,Sacramento
2021-01-13,399.8893363651023,1000000-2000000,West,CA,06067,Sacramento
2021-01-20,319.0831711582368,1000000-2000000,West,CA,06067,Sacramento
2021-01-27,244.7962612025344,1000000-2000000,West,CA,06067,Sacramento
